Timestamp,TM_EVR0:LER:INJ2_EFF:BCM,B2_VXD:Rad:QCS_FW_225:DoseRate,B2_VXD:Rad:Res:BPAtDCU3:A1:DoseRate
2024/05/29 06:49:28.652,82.91915559051803,N/A,N/A
2024/05/29 06:59:59.902,N/A,5.839186155660689,N/A
2024/05/29 06:59:59.935,N/A,N/A,1.1935379571733877
2024/05/29 07:00:04.916,N/A,5.2051685148224704,N/A
2024/05/29 07:00:04.935,N/A,N/A,1.1420465559471462
2024/05/29 07:00:09.930,N/A,5.5083966719310835,N/A
2024/05/29 07:00:09.935,N/A,N/A,1.1779041199717322
2024/05/29 07:00:14.935,N/A,N/A,1.258921742619574
2024/05/29 07:00:14.943,N/A,10.939010862220606,N/A
2024/05/29 07:00:19.935,N/A,N/A,1.3310931281345624
2024/05/29 07:00:19.959,N/A,7.281311053856076,N/A
2024/05/29 07:00:24.935,N/A,N/A,1.2855184249711937
2024/05/29 07:00:24.971,N/A,6.413899848787969,N/A
2024/05/29 07:00:29.935,N/A,N/A,1.2079972782258461
2024/05/29 07:00:29.988,N/A,8.944317020308937,N/A
2024/05/29 07:00:34.905,N/A,6.251066033917188,N/A
2024/05/29 07:00:34.935,N/A,N/A,1.235257962468568
2024/05/29 07:00:39.920,N/A,6.684480015475714,N/A
2024/05/29 07:00:39.935,N/A,N/A,1.2676343757023387
2024/05/29 07:00:44.935,N/A,N/A,1.3603779863670635
2024/05/29 07:00:44.936,N/A,10.276487779726482,N/A
2024/05/29 07:00:49.935,N/A,N/A,1.3182173781678854
2024/05/29 07:00:49.952,N/A,7.476246290811973,N/A
2024/05/29 07:00:54.935,N/A,N/A,1.5097378839643736
2024/05/29 07:00:54.957,N/A,10.970617600600038,N/A
2024/05/29 07:00:59.935,N/A,N/A,1.506866482863045
2024/05/29 07:00:59.965,N/A,6.683595041305712,N/A
2024/05/29 07:01:04.935,N/A,N/A,1.5090833517074818
2024/05/29 07:01:04.972,N/A,6.364017919925416,N/A
2024/05/29 07:01:09.935,N/A,N/A,1.5051882450829817
2024/05/29 07:01:09.977,N/A,7.898452525127841,N/A
2024/05/29 07:01:14.935,N/A,N/A,1.570930224573808
2024/05/29 07:01:14.984,N/A,7.6898779291449495,N/A
2024/05/29 07:01:19.900,N/A,6.9457732807655646,N/A
2024/05/29 07:01:19.935,N/A,N/A,1.5224745639477675
2024/05/29 07:01:24.905,N/A,10.062995689503357,N/A
2024/05/29 07:01:24.935,N/A,N/A,1.7079236231451973
2024/05/29 07:01:29.915,N/A,6.848530542777463,N/A
2024/05/29 07:01:29.935,N/A,N/A,1.5947823758128208
2024/05/29 07:01:34.929,N/A,11.006315411253054,N/A
2024/05/29 07:01:34.935,N/A,N/A,1.7336132048272619
2024/05/29 07:01:39.935,N/A,N/A,1.6784847279102486
2024/05/29 07:01:39.941,N/A,6.9115545058331085,N/A
2024/05/29 07:01:44.935,N/A,N/A,1.7570185619713579
2024/05/29 07:01:44.956,N/A,7.996769617559204,N/A
2024/05/29 07:01:49.935,N/A,N/A,1.7401511206342923
2024/05/29 07:01:49.964,N/A,7.0989708236015,N/A
2024/05/29 07:01:54.554,92.93571499279507,N/A,N/A
2024/05/29 07:01:54.935,N/A,N/A,1.8342036019516461
2024/05/29 07:01:54.975,N/A,7.954010784001165,N/A
2024/05/29 07:01:59.357,88.98543624847343,N/A,N/A
2024/05/29 07:01:59.935,N/A,N/A,1.820958522332043
2024/05/29 07:01:59.991,N/A,10.359446056255214,N/A
2024/05/29 07:02:04.901,N/A,7.703431881228139,N/A
2024/05/29 07:02:04.935,N/A,N/A,1.9293808791885974
2024/05/29 07:02:04.961,91.35136715973225,N/A,N/A
2024/05/29 07:02:09.763,90.10666611211941,N/A,N/A
2024/05/29 07:02:09.916,N/A,12.492644087373789,N/A
2024/05/29 07:02:09.935,N/A,N/A,2.0582981774951943
2024/05/29 07:02:14.564,92.67551977250184,N/A,N/A
2024/05/29 07:02:14.934,N/A,9.136946006846724,N/A
2024/05/29 07:02:14.935,N/A,N/A,1.989907783940697
2024/05/29 07:02:19.368,89.40116300344536,N/A,N/A
2024/05/29 07:02:19.935,N/A,N/A,2.2047846108572067
2024/05/29 07:02:19.946,N/A,8.577375196787965,N/A
2024/05/29 07:02:24.935,N/A,N/A,2.2234254947896037
2024/05/29 07:02:24.955,N/A,8.888374989416993,N/A
2024/05/29 07:02:24.970,91.22032053061668,N/A,N/A
2024/05/29 07:02:29.771,91.93282825404059,N/A,N/A
2024/05/29 07:02:29.935,N/A,N/A,2.270911802818123
2024/05/29 07:02:29.970,N/A,8.612078059517998,N/A
2024/05/29 07:02:34.573,91.91433282189429,N/A,N/A
2024/05/29 07:02:34.935,N/A,N/A,2.3756026045040057
2024/05/29 07:02:34.986,N/A,16.03889529045818,N/A
2024/05/29 07:02:39.373,91.8691111711847,N/A,N/A
2024/05/29 07:02:39.902,N/A,9.50963912839057,N/A
2024/05/29 07:02:39.935,N/A,N/A,2.427435305436358
2024/05/29 07:02:44.921,N/A,9.594755971924789,N/A
2024/05/29 07:02:44.935,N/A,N/A,2.536866430748178
2024/05/29 07:02:44.972,92.71945960038593,N/A,N/A
2024/05/29 07:02:49.772,90.74496341149249,N/A,N/A
2024/05/29 07:02:49.933,N/A,13.056627367145657,N/A
2024/05/29 07:02:49.935,N/A,N/A,2.5228635297374384
2024/05/29 07:02:54.572,91.10818764483342,N/A,N/A
2024/05/29 07:02:54.935,N/A,N/A,2.554473173165349
2024/05/29 07:02:54.948,N/A,9.328202230697908,N/A
2024/05/29 07:02:59.373,89.20361210684699,N/A,N/A
2024/05/29 07:02:59.935,N/A,N/A,2.658007258772012
2024/05/29 07:02:59.968,N/A,9.030002373557519,N/A
2024/05/29 07:03:04.935,N/A,N/A,2.6932781023370085
2024/05/29 07:03:04.971,89.3528001342139,N/A,N/A
2024/05/29 07:03:04.983,N/A,13.324340779498163,N/A
2024/05/29 07:03:09.770,91.87151949468067,N/A,N/A
2024/05/29 07:03:09.935,N/A,N/A,2.7022693630278876
2024/05/29 07:03:09.990,N/A,9.814389744820957,N/A
2024/05/29 07:03:14.569,89.51332162728819,N/A,N/A
2024/05/29 07:03:14.907,N/A,11.084083965040072,N/A
2024/05/29 07:03:14.935,N/A,N/A,2.833131017452474
2024/05/29 07:03:19.370,92.58612026829557,N/A,N/A
2024/05/29 07:03:19.921,N/A,9.958099436823836,N/A
2024/05/29 07:03:19.935,N/A,N/A,2.929973513555269
2024/05/29 07:03:24.934,N/A,11.182766855690371,N/A
2024/05/29 07:03:24.935,N/A,N/A,3.0971237145773394
2024/05/29 07:03:24.971,90.70534654170542,N/A,N/A
2024/05/29 07:03:29.775,89.73968403006603,N/A,N/A
2024/05/29 07:03:29.935,N/A,N/A,3.0592680985443432
2024/05/29 07:03:29.942,N/A,15.581581084374251,N/A
2024/05/29 07:03:34.581,90.9032069282982,N/A,N/A
2024/05/29 07:03:34.935,N/A,N/A,3.1439801252977704
2024/05/29 07:03:34.956,N/A,10.891433323605634,N/A
2024/05/29 07:03:36.983,90.41628469672699,N/A,N/A
2024/05/29 07:03:39.935,N/A,N/A,2.6503057582804623
2024/05/29 07:03:39.970,N/A,12.238665483558313,N/A
2024/05/29 07:03:43.272,86.45877159257286,N/A,N/A
2024/05/29 07:03:44.935,N/A,N/A,2.712241167735917
2024/05/29 07:03:44.981,N/A,7.355380846905186,N/A
2024/05/29 07:03:49.281,89.20403469879363,N/A,N/A
2024/05/29 07:03:49.935,N/A,N/A,2.733713943167985
2024/05/29 07:03:49.994,N/A,6.919392805313192,N/A
2024/05/29 07:03:53.289,91.68268270729082,N/A,N/A
2024/05/29 07:03:54.904,N/A,11.980326188700703,N/A
2024/05/29 07:03:54.935,N/A,N/A,2.8386144528225588
2024/05/29 07:03:59.295,91.33025968911308,N/A,N/A
2024/05/29 07:03:59.925,N/A,11.355303123853188,N/A
2024/05/29 07:03:59.935,N/A,N/A,2.783273024261621
2024/05/29 07:04:03.301,92.31345966341622,N/A,N/A
2024/05/29 07:04:04.935,N/A,N/A,2.7825893696856525
2024/05/29 07:04:04.939,N/A,10.811829291673543,N/A
2024/05/29 07:04:09.308,93.44245745325306,N/A,N/A
2024/05/29 07:04:09.935,N/A,N/A,2.8185344902432523
2024/05/29 07:04:09.957,N/A,12.12619212445811,N/A
2024/05/29 07:04:13.312,94.27759850839995,N/A,N/A
2024/05/29 07:04:14.935,N/A,N/A,2.8711334942343987
2024/05/29 07:04:14.965,N/A,11.542766766086741,N/A
2024/05/29 07:04:19.315,93.2309536636234,N/A,N/A
2024/05/29 07:04:19.935,N/A,N/A,2.9284209709959472
2024/05/29 07:04:19.980,N/A,11.217060084537165,N/A
2024/05/29 07:04:23.316,92.76971974152374,N/A,N/A
2024/05/29 07:04:24.900,N/A,7.641115300998113,N/A
2024/05/29 07:04:24.935,N/A,N/A,2.925131573586449
2024/05/29 07:04:29.316,95.79636181398553,N/A,N/A
2024/05/29 07:04:29.923,N/A,11.503416687185968,N/A
2024/05/29 07:04:29.935,N/A,N/A,2.9366155571861015
2024/05/29 07:04:33.314,93.64994966794143,N/A,N/A
2024/05/29 07:04:34.935,N/A,N/A,2.874747384500375
2024/05/29 07:04:34.951,N/A,10.476273548707754,N/A
2024/05/29 07:04:39.310,93.60573932886925,N/A,N/A
2024/05/29 07:04:39.935,N/A,N/A,2.949645651962154
2024/05/29 07:04:39.958,N/A,10.602441620643818,N/A
2024/05/29 07:04:43.308,95.25994140833521,N/A,N/A
2024/05/29 07:04:44.935,N/A,N/A,2.980207757500031
2024/05/29 07:04:44.978,N/A,11.616649482491503,N/A
2024/05/29 07:04:49.303,94.37906775277891,N/A,N/A
2024/05/29 07:04:49.935,N/A,N/A,2.9285415463152784
2024/05/29 07:04:49.988,N/A,13.412109205869129,N/A
2024/05/29 07:04:53.299,95.91239921557153,N/A,N/A
2024/05/29 07:04:54.908,N/A,11.579827767789357,N/A
2024/05/29 07:04:54.935,N/A,N/A,2.9286960075090196
2024/05/29 07:04:59.294,94.84827351583291,N/A,N/A
2024/05/29 07:04:59.920,N/A,10.984216004479965,N/A
2024/05/29 07:04:59.936,N/A,N/A,3.0066026353829836
2024/05/29 07:05:03.293,96.12694925595308,N/A,N/A
2024/05/29 07:05:04.925,N/A,10.802447239020793,N/A
2024/05/29 07:05:04.935,N/A,N/A,2.9154509616587694
2024/05/29 07:05:09.289,95.65533540271906,N/A,N/A
2024/05/29 07:05:09.935,N/A,N/A,2.983931096848085
2024/05/29 07:05:09.936,N/A,12.11566081606496,N/A
2024/05/29 07:05:13.287,93.19819005701154,N/A,N/A
2024/05/29 07:05:14.935,N/A,N/A,2.993022124519716
2024/05/29 07:05:14.942,N/A,11.181203119419886,N/A
2024/05/29 07:05:19.281,96.33017983284195,N/A,N/A
2024/05/29 07:05:19.935,N/A,N/A,2.981791355054775
2024/05/29 07:05:19.952,N/A,12.860087011011473,N/A
2024/05/29 07:05:23.277,97.34726459483086,N/A,N/A
2024/05/29 07:05:24.935,N/A,N/A,3.061977513166362
2024/05/29 07:05:24.964,N/A,11.408020505953534,N/A
2024/05/29 07:05:29.273,97.13699424974335,N/A,N/A
2024/05/29 07:05:29.935,N/A,N/A,2.9385991444404183
2024/05/29 07:05:29.981,N/A,7.631928213054639,N/A
2024/05/29 07:05:33.270,96.03396854648125,N/A,N/A
2024/05/29 07:05:34.935,N/A,N/A,2.988714178250719
2024/05/29 07:05:34.994,N/A,7.85739094805574,N/A
2024/05/29 07:05:39.263,95.64598420858742,N/A,N/A
2024/05/29 07:05:39.910,N/A,11.6221014500346,N/A
2024/05/29 07:05:39.935,N/A,N/A,3.000759407691909
2024/05/29 07:05:43.259,95.63609108977704,N/A,N/A
2024/05/29 07:05:44.924,N/A,11.22176849403946,N/A
2024/05/29 07:05:44.935,N/A,N/A,3.048611253516962
2024/05/29 07:05:49.254,95.60733267886094,N/A,N/A
2024/05/29 07:05:49.932,N/A,10.973520749917439,N/A
2024/05/29 07:05:49.935,N/A,N/A,3.026261618033596
2024/05/29 07:05:53.250,93.87286118919086,N/A,N/A
2024/05/29 07:05:54.935,N/A,N/A,3.009070526484768
2024/05/29 07:05:54.947,N/A,8.19980298920858,N/A
2024/05/29 07:05:59.246,93.69759982930485,N/A,N/A
2024/05/29 07:05:59.935,N/A,N/A,3.034419178907726
2024/05/29 07:05:59.958,N/A,7.703157623806481,N/A
2024/05/29 07:06:03.241,95.39995506222208,N/A,N/A
2024/05/29 07:06:04.935,N/A,N/A,3.0472026533251886
2024/05/29 07:06:04.977,N/A,8.070020233103282,N/A
2024/05/29 07:06:09.237,94.81197284420645,N/A,N/A
2024/05/29 07:06:09.935,N/A,N/A,3.0584987684038403
2024/05/29 07:06:09.987,N/A,8.201930058896098,N/A
2024/05/29 07:06:14.903,N/A,7.988330286775669,N/A
2024/05/29 07:06:14.935,N/A,N/A,2.7994688775159524
2024/05/29 07:06:19.831,94.47252491993336,N/A,N/A
2024/05/29 07:06:19.913,N/A,12.737239979235557,N/A
2024/05/29 07:06:19.935,N/A,N/A,3.0614359481841498
2024/05/29 07:06:23.830,94.92543339992558,N/A,N/A
2024/05/29 07:06:24.931,N/A,8.031971527939303,N/A
2024/05/29 07:06:24.935,N/A,N/A,3.133084843581441
2024/05/29 07:06:29.828,94.54535647710188,N/A,N/A
2024/05/29 07:06:29.935,N/A,N/A,3.0248119168832512
2024/05/29 07:06:29.942,N/A,8.127877391974025,N/A
2024/05/29 07:06:33.827,94.87049718837328,N/A,N/A
2024/05/29 07:06:34.935,N/A,N/A,3.1276576670729614
2024/05/29 07:06:34.954,N/A,8.199251421173969,N/A
2024/05/29 07:06:37.824,98.89904978866298,N/A,N/A
2024/05/29 07:06:39.935,N/A,N/A,2.8664330932048854
2024/05/29 07:06:39.970,N/A,8.102730605952067,N/A
2024/05/29 07:06:44.935,N/A,N/A,2.847190101318383
2024/05/29 07:06:44.987,N/A,8.14923661569927,N/A
2024/05/29 07:06:48.420,94.91533691473283,N/A,N/A
2024/05/29 07:06:49.935,N/A,N/A,3.001187228182963
2024/05/29 07:06:49.998,N/A,7.946374493547046,N/A
2024/05/29 07:06:54.413,95.67692902944451,N/A,N/A
2024/05/29 07:06:54.911,N/A,7.983934221098081,N/A
2024/05/29 07:06:54.935,N/A,N/A,3.1170391481592037
2024/05/29 07:06:58.410,93.34304342885126,N/A,N/A
2024/05/29 07:06:59.923,N/A,8.154398581086134,N/A
2024/05/29 07:06:59.935,N/A,N/A,3.126031959001363
2024/05/29 07:07:04.404,95.37839247289861,N/A,N/A
2024/05/29 07:07:04.935,N/A,8.080501764274759,3.1220039716553942
2024/05/29 07:07:06.402,93.97630920323601,N/A,N/A
2024/05/29 07:07:09.935,N/A,N/A,2.816354865726233
2024/05/29 07:07:09.948,N/A,7.80521501293556,N/A
2024/05/29 07:07:14.935,N/A,N/A,3.0578211796573855
2024/05/29 07:07:14.958,N/A,8.339435148153798,N/A
2024/05/29 07:07:14.995,90.55833454598938,N/A,N/A
2024/05/29 07:07:18.993,92.46356551337462,N/A,N/A
2024/05/29 07:07:19.935,N/A,N/A,3.0361646044855735
2024/05/29 07:07:19.969,N/A,8.050995036773056,N/A
2024/05/29 07:07:24.935,N/A,N/A,3.1119306379803016
2024/05/29 07:07:24.982,N/A,8.431777015704165,N/A
2024/05/29 07:07:24.991,95.73123064775301,N/A,N/A
2024/05/29 07:07:28.989,89.67165629945106,N/A,N/A
2024/05/29 07:07:29.935,N/A,N/A,3.1759072104959403
2024/05/29 07:07:29.996,N/A,13.525110182327206,N/A
2024/05/29 07:07:34.909,N/A,7.9451679100193555,N/A
2024/05/29 07:07:34.935,N/A,N/A,3.268012225084369
2024/05/29 07:07:34.991,84.93830857306605,N/A,N/A
2024/05/29 07:07:38.992,85.51310224936852,N/A,N/A
2024/05/29 07:07:39.924,N/A,8.02976479272042,N/A
2024/05/29 07:07:39.935,N/A,N/A,3.111004091175231
2024/05/29 07:07:42.993,89.77163798380876,N/A,N/A
2024/05/29 07:07:44.929,N/A,8.177028328757917,N/A
2024/05/29 07:07:44.935,N/A,N/A,2.8698004114140936
2024/05/29 07:07:49.935,N/A,7.944672472826866,2.8347923204380296
2024/05/29 07:07:53.594,95.38068260162437,N/A,N/A
2024/05/29 07:07:54.935,N/A,N/A,3.1250913302610397
2024/05/29 07:07:54.946,N/A,8.257697484919984,N/A
2024/05/29 07:07:59.593,95.49995262537894,N/A,N/A
2024/05/29 07:07:59.935,N/A,N/A,3.1306273123725354
2024/05/29 07:07:59.952,N/A,8.275467670498033,N/A
2024/05/29 07:08:03.593,96.11926210080847,N/A,N/A
2024/05/29 07:08:04.935,N/A,N/A,3.0876272159190425
2024/05/29 07:08:04.962,N/A,8.317998389852043,N/A
2024/05/29 07:08:09.592,95.2087223536591,N/A,N/A
2024/05/29 07:08:09.935,N/A,N/A,3.111587651655647
2024/05/29 07:08:09.969,N/A,7.881149681888136,N/A
2024/05/29 07:08:14.935,N/A,N/A,2.8448891003624217
2024/05/29 07:08:14.983,N/A,7.92348061343247,N/A
2024/05/29 07:08:18.386,92.31144937139834,N/A,N/A
2024/05/29 07:08:19.935,N/A,N/A,3.191298048726069
2024/05/29 07:08:19.992,N/A,13.576021629244064,N/A
2024/05/29 07:08:24.382,77.31615452411422,N/A,N/A
2024/05/29 07:08:24.903,N/A,8.00114135581665,N/A
2024/05/29 07:08:24.935,N/A,N/A,3.152954861887031
2024/05/29 07:08:28.380,75.24997752980745,N/A,N/A
2024/05/29 07:08:29.922,N/A,7.815780491170161,N/A
2024/05/29 07:08:29.935,N/A,N/A,3.182982167555924
2024/05/29 07:08:34.375,73.27925772521365,N/A,N/A
2024/05/29 07:08:34.930,N/A,7.973400832767415,N/A
2024/05/29 07:08:34.935,N/A,N/A,3.216788907417805
2024/05/29 07:08:38.373,83.74625612092143,N/A,N/A
2024/05/29 07:08:39.935,N/A,7.915753147151247,3.1451124520425577
2024/05/29 07:08:44.370,95.29600661435879,N/A,N/A
2024/05/29 07:08:44.935,N/A,N/A,3.1122927798893443
2024/05/29 07:08:44.943,N/A,8.253733626334318,N/A
2024/05/29 07:08:48.370,93.54967377587022,N/A,N/A
2024/05/29 07:08:49.935,N/A,N/A,3.1101323799121534
2024/05/29 07:08:49.952,N/A,8.135556827396211,N/A
2024/05/29 07:08:52.369,95.1393097589013,N/A,N/A
2024/05/29 07:08:54.935,N/A,N/A,2.8274867522144227
2024/05/29 07:08:54.959,N/A,8.122159514230216,N/A
2024/05/29 07:08:59.935,N/A,N/A,2.885763918400184
2024/05/29 07:08:59.963,N/A,8.309633720976597,N/A
2024/05/29 07:09:03.161,95.11128729520763,N/A,N/A
2024/05/29 07:09:04.935,N/A,N/A,3.11656153560181
2024/05/29 07:09:04.973,N/A,12.615866288860698,N/A
2024/05/29 07:09:09.155,96.46579267433482,N/A,N/A
2024/05/29 07:09:09.935,N/A,N/A,3.116371169250539
2024/05/29 07:09:09.979,N/A,11.55689142555412,N/A
2024/05/29 07:09:13.150,94.69107737709992,N/A,N/A
2024/05/29 07:09:14.935,N/A,N/A,3.205365637716153
2024/05/29 07:09:14.987,N/A,11.70239965522686,N/A
2024/05/29 07:09:19.145,93.20550307631773,N/A,N/A
2024/05/29 07:09:19.935,N/A,N/A,3.4500950221993816
2024/05/29 07:09:19.997,N/A,11.957124195275844,N/A
2024/05/29 07:09:21.144,92.81083359915235,N/A,N/A
2024/05/29 07:09:24.904,N/A,8.31479440700567,N/A
2024/05/29 07:09:24.935,N/A,N/A,2.9073388749643434
2024/05/29 07:09:29.917,N/A,8.071378361663456,N/A
2024/05/29 07:09:29.936,N/A,N/A,3.2715198108183614
2024/05/29 07:09:29.937,94.33127731343316,N/A,N/A
2024/05/29 07:09:33.935,94.94767824093707,N/A,N/A
2024/05/29 07:09:34.924,N/A,8.325170987669495,N/A
2024/05/29 07:09:34.935,N/A,N/A,3.309186416421516
2024/05/29 07:09:39.930,97.95886308750016,N/A,N/A
2024/05/29 07:09:39.935,N/A,N/A,3.095489344152976
2024/05/29 07:09:39.941,N/A,11.018854079118501,N/A
2024/05/29 07:09:43.930,96.93927504638266,N/A,N/A
2024/05/29 07:09:44.935,N/A,N/A,3.1864127144702517
2024/05/29 07:09:44.947,N/A,12.045129550076627,N/A
2024/05/29 07:09:49.932,92.30733701115312,N/A,N/A
2024/05/29 07:09:49.935,N/A,N/A,3.857366438750165
2024/05/29 07:09:49.955,N/A,13.830249841259395,N/A
2024/05/29 07:09:51.932,93.23076666272033,N/A,N/A
2024/05/29 07:09:54.935,N/A,N/A,2.859892308130213
2024/05/29 07:09:54.966,N/A,8.251213248310883,N/A
2024/05/29 07:09:59.935,N/A,N/A,2.9554429540580576
2024/05/29 07:09:59.983,N/A,15.441968947770958,N/A
2024/05/29 07:10:03.531,93.6890185882918,N/A,N/A
2024/05/29 07:10:04.935,N/A,N/A,3.7238600460973736
2024/05/29 07:10:04.997,N/A,12.851572625878804,N/A
2024/05/29 07:10:09.529,92.09952724381073,N/A,N/A
2024/05/29 07:10:09.905,N/A,8.1767818640108,N/A
2024/05/29 07:10:09.935,N/A,N/A,3.504394641377154
2024/05/29 07:10:13.529,87.90155530799953,N/A,N/A
2024/05/29 07:10:14.924,N/A,43.610046080329944,N/A
2024/05/29 07:10:14.935,N/A,N/A,15.662972856856577
2024/05/29 07:10:15.529,82.88477051129956,N/A,N/A
2024/05/29 07:10:19.935,N/A,N/A,0.07028779473767453
2024/05/29 07:10:19.946,N/A,-0.08361536791293271,N/A
2024/05/29 07:10:24.935,N/A,N/A,0.049916244591100736
2024/05/29 07:10:24.956,N/A,-0.11415677799304534,N/A
2024/05/29 07:10:29.935,N/A,N/A,0.05403203974108614
2024/05/29 07:10:29.964,N/A,-0.08933824143119255,N/A
2024/05/29 07:10:34.935,N/A,N/A,0.0668784134753839
2024/05/29 07:10:34.976,N/A,-0.09195102754660643,N/A
2024/05/29 07:10:39.935,N/A,N/A,0.06264445561288381
2024/05/29 07:10:39.984,N/A,-0.08727645038647282,N/A
2024/05/29 07:10:44.935,N/A,N/A,0.07694686619600592
2024/05/29 07:10:44.992,N/A,-0.0837132976503582,N/A
2024/05/29 07:10:49.899,N/A,-0.0781551669567902,N/A
2024/05/29 07:10:49.935,N/A,N/A,0.058681343171854895
2024/05/29 07:10:54.909,N/A,-0.06564738420128702,N/A
2024/05/29 07:10:54.935,N/A,N/A,0.061154145435751386
2024/05/29 07:10:59.920,N/A,-0.10697290926888765,N/A
2024/05/29 07:10:59.935,N/A,N/A,0.08454686466551356
2024/05/29 07:11:04.935,N/A,N/A,0.05357463929083527
2024/05/29 07:11:04.937,N/A,-0.11494760948167101,N/A
2024/05/29 07:11:09.935,N/A,N/A,0.046927832592060556
2024/05/29 07:11:09.956,N/A,-0.10586905895696513,N/A
2024/05/29 07:11:14.935,N/A,N/A,0.03847344947151335
2024/05/29 07:11:14.978,N/A,-0.09934899640521229,N/A
2024/05/29 07:11:19.935,N/A,N/A,0.04795398972739953
2024/05/29 07:11:19.987,N/A,-0.09856886678378,N/A
2024/05/29 07:11:24.935,N/A,N/A,0.05343857894770484
2024/05/29 07:11:24.993,N/A,-0.10659425860585646,N/A
2024/05/29 07:11:29.907,N/A,-0.13158217272110048,N/A
2024/05/29 07:11:29.935,N/A,N/A,0.03505990252336093
2024/05/29 07:11:34.919,N/A,-0.09496929551904067,N/A
2024/05/29 07:11:34.935,N/A,N/A,0.04307812085870942
2024/05/29 07:11:39.932,N/A,-0.08313193941630392,N/A
2024/05/29 07:11:39.935,N/A,N/A,0.03777665633108337
2024/05/29 07:11:44.935,N/A,N/A,0.05153672884489553
2024/05/29 07:11:44.946,N/A,-0.08173150571188996,N/A
2024/05/29 07:11:49.935,N/A,N/A,0.04401794178091245
2024/05/29 07:11:49.956,N/A,-0.06617522917495869,N/A
2024/05/29 07:11:54.935,N/A,N/A,0.0778864947087978
2024/05/29 07:11:54.965,N/A,-0.08812068525198716,N/A
2024/05/29 07:11:59.935,N/A,N/A,0.05089167672034613
2024/05/29 07:11:59.980,N/A,-0.06238140351922421,N/A
2024/05/29 07:12:04.935,N/A,N/A,0.042367970855890835
2024/05/29 07:12:04.989,N/A,-0.09883901534773602,N/A
2024/05/29 07:12:09.935,N/A,N/A,0.03701945624823149
2024/05/29 07:12:09.997,N/A,-0.07672947182255245,N/A
2024/05/29 07:12:14.902,N/A,-0.06762517324113378,N/A
2024/05/29 07:12:14.935,N/A,N/A,0.009018627658691974
2024/05/29 07:12:19.918,N/A,-0.07771921990174055,N/A
2024/05/29 07:12:19.935,N/A,N/A,0.022114407985882358
2024/05/29 07:12:24.930,N/A,-0.08425589448276913,N/A
2024/05/29 07:12:24.935,N/A,N/A,0.01187396485990921
2024/05/29 07:12:29.935,N/A,N/A,0.02134946425322955
2024/05/29 07:12:29.942,N/A,-0.10557261684324906,N/A
2024/05/29 07:12:34.935,N/A,N/A,0.011552887539289526
2024/05/29 07:12:34.954,N/A,-0.08102281213319394,N/A
2024/05/29 07:12:39.935,N/A,N/A,-0.008489153986557167
2024/05/29 07:12:39.966,N/A,-0.09261457078351253,N/A
2024/05/29 07:12:44.935,N/A,N/A,0.00408621069910492
2024/05/29 07:12:44.984,N/A,-0.06764490910109731,N/A
2024/05/29 07:12:49.935,N/A,N/A,0.015419110200067095
2024/05/29 07:12:49.998,N/A,-0.08172843682294913,N/A
2024/05/29 07:12:54.909,N/A,-0.07909074639905896,N/A
2024/05/29 07:12:54.935,N/A,N/A,0.007096557106187302
2024/05/29 07:12:59.918,N/A,-0.0635702408630338,N/A
2024/05/29 07:12:59.935,N/A,N/A,0.004885790058503954
2024/05/29 07:13:04.935,N/A,N/A,-0.013695716904323984
2024/05/29 07:13:04.936,N/A,-0.05618070556240611,N/A
2024/05/29 07:13:09.935,N/A,N/A,0.0017568364888547756
2024/05/29 07:13:09.954,N/A,-0.08635457498536411,N/A
2024/05/29 07:13:14.935,N/A,N/A,-0.0064446866070020994
2024/05/29 07:13:14.975,N/A,-0.0732731297646265,N/A
2024/05/29 07:13:19.935,N/A,N/A,-0.004273076900749429
2024/05/29 07:13:19.993,N/A,-0.04179165464114368,N/A
2024/05/29 07:13:24.902,N/A,-0.071231070655459,N/A
2024/05/29 07:13:24.935,N/A,N/A,-0.0052053217242493885
2024/05/29 07:13:29.921,N/A,-0.0843093920455088,N/A
2024/05/29 07:13:29.935,N/A,N/A,-0.010930549137071111
2024/05/29 07:13:34.935,N/A,N/A,0.00526827515613874
2024/05/29 07:13:34.937,N/A,-0.06463929342783263,N/A
2024/05/29 07:13:39.935,N/A,N/A,-0.01437269873156322
2024/05/29 07:13:39.946,N/A,-0.0726213362124952,N/A
2024/05/29 07:13:44.935,N/A,N/A,-0.0017068658156939587
2024/05/29 07:13:44.958,N/A,-0.06470080071222212,N/A
2024/05/29 07:13:49.935,N/A,N/A,-0.01006633931315357
2024/05/29 07:13:49.969,N/A,-0.0579606768466053,N/A
2024/05/29 07:13:54.935,N/A,N/A,-0.022238975947013892
2024/05/29 07:13:54.982,N/A,-0.06731622010702351,N/A
2024/05/29 07:13:59.935,N/A,N/A,-0.009170686185436287
2024/05/29 07:13:59.991,N/A,-0.05918513606372528,N/A
2024/05/29 07:14:04.902,N/A,-0.06801298740247662,N/A
2024/05/29 07:14:04.935,N/A,N/A,0.0053495991416216
2024/05/29 07:14:09.919,N/A,-0.05635626406219433,N/A
2024/05/29 07:14:09.935,N/A,N/A,-0.01620914032817639
2024/05/29 07:14:14.933,N/A,-0.0683751830126504,N/A
2024/05/29 07:14:14.935,N/A,N/A,-0.023678676216306413
2024/05/29 07:14:19.935,N/A,N/A,0.0013731578953343586
2024/05/29 07:14:19.945,N/A,-0.058701546666271344,N/A
2024/05/29 07:14:24.935,N/A,N/A,-0.01870475708477174
2024/05/29 07:14:24.956,N/A,-0.08350052004221963,N/A
2024/05/29 07:14:29.935,N/A,N/A,-0.027847530347976303
2024/05/29 07:14:29.971,N/A,-0.06999647861065397,N/A
2024/05/29 07:14:34.935,N/A,N/A,-0.027253622789882057
2024/05/29 07:14:34.982,N/A,-0.05686549163287157,N/A
2024/05/29 07:14:39.935,N/A,N/A,-0.04148843837010773
2024/05/29 07:14:39.994,N/A,-0.06121987222306336,N/A
2024/05/29 07:14:44.905,N/A,-0.07437614025272159,N/A
2024/05/29 07:14:44.935,N/A,N/A,-0.03767532938975456
2024/05/29 07:14:49.918,N/A,-0.062268878899475535,N/A
2024/05/29 07:14:49.935,N/A,N/A,-0.02215049647411798
2024/05/29 07:14:54.930,N/A,-0.07420861502104424,N/A
2024/05/29 07:14:54.935,N/A,N/A,-0.029691757736317586
2024/05/29 07:14:59.935,N/A,N/A,-0.02601013461450976
2024/05/29 07:14:59.940,N/A,-0.08633303389661105,N/A
2024/05/29 07:15:04.935,N/A,N/A,-0.02774009256997117
2024/05/29 07:15:04.952,N/A,-0.08761589226507566,N/A
2024/05/29 07:15:09.935,N/A,N/A,-0.036976961952837686
2024/05/29 07:15:09.962,N/A,-0.08965844584995473,N/A
2024/05/29 07:15:14.935,N/A,N/A,-0.01636647062620699
2024/05/29 07:15:14.973,N/A,-0.07022524426681076,N/A
2024/05/29 07:15:19.935,N/A,N/A,-0.037328058793324743
2024/05/29 07:15:19.986,N/A,-0.08509739403422682,N/A
2024/05/29 07:15:24.897,N/A,-0.08130413741800292,N/A
2024/05/29 07:15:24.935,N/A,N/A,-0.0271847122318016
2024/05/29 07:15:29.909,N/A,-0.08963839603715901,N/A
2024/05/29 07:15:29.935,N/A,N/A,-0.0281444963321281
2024/05/29 07:15:34.915,N/A,-0.08269999133546448,N/A
2024/05/29 07:15:34.935,N/A,N/A,-0.046829178730145526
2024/05/29 07:15:39.931,N/A,-0.07726004033705133,N/A
2024/05/29 07:15:39.935,N/A,N/A,-0.053913806586043535
2024/05/29 07:15:44.934,N/A,-0.07384816969791524,N/A
2024/05/29 07:15:44.935,N/A,N/A,-0.034447689590083874
2024/05/29 07:15:49.935,N/A,N/A,-0.030736778864166286
2024/05/29 07:15:49.945,N/A,-0.0734874418172355,N/A
2024/05/29 07:15:54.935,N/A,N/A,-0.03448435405410623
2024/05/29 07:15:54.957,N/A,-0.0843834495943965,N/A
2024/05/29 07:15:59.935,N/A,N/A,-0.022796782322351012
2024/05/29 07:15:59.971,N/A,-0.09141864987890895,N/A
2024/05/29 07:16:04.935,N/A,N/A,-0.04619408149844516
2024/05/29 07:16:04.981,N/A,-0.08474967557406414,N/A
2024/05/29 07:16:09.935,N/A,N/A,-0.04687382727046225
2024/05/29 07:16:09.991,N/A,-0.07514615274410956,N/A
2024/05/29 07:16:14.900,N/A,-0.09457186262777637,N/A
2024/05/29 07:16:14.935,N/A,N/A,-0.03957569144362466
2024/05/29 07:16:19.910,N/A,-0.06295065887156749,N/A
2024/05/29 07:16:19.935,N/A,N/A,-0.0378504664302345
2024/05/29 07:16:24.920,N/A,-0.05489413862610018,N/A
2024/05/29 07:16:24.935,N/A,N/A,-0.03195061825855422
2024/05/29 07:16:29.928,N/A,-0.08266126525351829,N/A
2024/05/29 07:16:29.935,N/A,N/A,-0.052204740825459006
2024/05/29 07:16:34.935,N/A,N/A,-0.05161330142822132
2024/05/29 07:16:34.938,N/A,-0.07367930624228762,N/A
2024/05/29 07:16:39.935,N/A,N/A,-0.05378111514221163
2024/05/29 07:16:39.953,N/A,-0.05053616720038137,N/A
2024/05/29 07:16:44.935,N/A,N/A,-0.027657666694978385
2024/05/29 07:16:44.958,N/A,-0.05890735844592802,N/A
2024/05/29 07:16:49.935,N/A,N/A,-0.04750106127627948
2024/05/29 07:16:49.969,N/A,-0.0571693155625731,N/A
2024/05/29 07:16:54.935,N/A,N/A,-0.07275831821821532
2024/05/29 07:16:54.982,N/A,-0.05549949462982472,N/A
2024/05/29 07:16:59.935,N/A,N/A,-0.06550931074237311
2024/05/29 07:16:59.996,N/A,-0.05157967577780566,N/A
2024/05/29 07:17:04.906,N/A,-0.050867395287991696,N/A
2024/05/29 07:17:04.935,N/A,N/A,-0.05952857402807976
2024/05/29 07:17:09.921,N/A,-0.06638652335596253,N/A
2024/05/29 07:17:09.935,N/A,N/A,-0.053051125601257076
2024/05/29 07:17:14.931,N/A,-0.08929113673301517,N/A
2024/05/29 07:17:14.935,N/A,N/A,-0.06665339933487745
2024/05/29 07:17:19.935,N/A,N/A,-0.07015368980495397
2024/05/29 07:17:19.948,N/A,-0.054404674386258844,N/A
2024/05/29 07:17:24.935,N/A,N/A,-0.07550362104713475
2024/05/29 07:17:24.965,N/A,-0.058210347837028185,N/A
2024/05/29 07:17:29.935,N/A,N/A,-0.053934766004144846
2024/05/29 07:17:29.980,N/A,-0.0820853815719908,N/A
2024/05/29 07:17:34.935,N/A,N/A,-0.06034020149366262
2024/05/29 07:17:34.994,N/A,-0.07888082576170037,N/A
2024/05/29 07:17:39.907,N/A,-0.06812770576764597,N/A
2024/05/29 07:17:39.935,N/A,N/A,-0.06943786724848287
2024/05/29 07:17:44.919,N/A,-0.09334202696838963,N/A
2024/05/29 07:17:44.935,N/A,N/A,-0.07385118379264849
2024/05/29 07:17:49.931,N/A,-0.05213002724519247,N/A
2024/05/29 07:17:49.935,N/A,N/A,-0.05434317326056279
2024/05/29 07:17:54.935,N/A,N/A,-0.04879302416779242
2024/05/29 07:17:54.942,N/A,-0.0814237142032619,N/A
2024/05/29 07:17:59.935,N/A,N/A,-0.05659346855996725
2024/05/29 07:17:59.961,N/A,-0.07924882165046258,N/A
2024/05/29 07:18:04.935,N/A,N/A,-0.059299458405254885
2024/05/29 07:18:04.975,N/A,-0.061265218785375615,N/A
2024/05/29 07:18:09.935,N/A,N/A,-0.06671847392329265
2024/05/29 07:18:09.988,N/A,-0.055792412622990166,N/A
2024/05/29 07:18:14.935,N/A,N/A,-0.07811340032542426
2024/05/29 07:18:14.998,N/A,-0.07143633301765712,N/A
2024/05/29 07:18:19.909,N/A,-0.0847057731947826,N/A
2024/05/29 07:18:19.935,N/A,N/A,-0.06321490808512704
2024/05/29 07:18:24.922,N/A,-0.07194996377681644,N/A
2024/05/29 07:18:24.935,N/A,N/A,-0.04175785545138393
2024/05/29 07:18:29.935,N/A,N/A,-0.07415670138487927
2024/05/29 07:18:29.941,N/A,-0.05679219149519196,N/A
2024/05/29 07:18:34.935,N/A,N/A,-0.08258629596913239
2024/05/29 07:18:34.961,N/A,-0.08029176118837629,N/A
2024/05/29 07:18:39.935,N/A,N/A,-0.056981032730908696
2024/05/29 07:18:39.975,N/A,-0.06365764140732498,N/A
2024/05/29 07:18:44.935,N/A,N/A,-0.07426717002834997
2024/05/29 07:18:44.995,N/A,-0.08324595531200993,N/A
2024/05/29 07:18:49.912,N/A,10.476728438891866,N/A
2024/05/29 07:18:49.935,N/A,N/A,0.025841678111167436
2024/05/29 07:18:54.924,N/A,-0.06397156676942788,N/A
2024/05/29 07:18:54.935,N/A,N/A,-0.04333592323350766
2024/05/29 07:18:59.935,N/A,N/A,-0.052016736825499205
2024/05/29 07:18:59.939,N/A,-0.06853297963091456,N/A
2024/05/29 07:19:04.935,N/A,N/A,-0.07174643125211815
2024/05/29 07:19:04.959,N/A,-0.054927551056349166,N/A
2024/05/29 07:19:09.935,N/A,N/A,0.011832550659434296
2024/05/29 07:19:09.970,N/A,-0.03625688596275896,N/A
2024/05/29 07:19:14.935,N/A,N/A,-0.008972459537745212
2024/05/29 07:19:14.984,N/A,-0.019445249401120638,N/A
2024/05/29 07:19:19.935,N/A,N/A,-0.01672614390438828
2024/05/29 07:19:19.998,N/A,-0.05866282843314552,N/A
2024/05/29 07:19:24.904,N/A,4.283279692229784,N/A
2024/05/29 07:19:24.935,N/A,N/A,0.0034595351025089663
2024/05/29 07:19:29.921,N/A,3.9150647428781666,N/A
2024/05/29 07:19:29.935,N/A,N/A,-0.0027701366098910295
2024/05/29 07:19:34.935,N/A,N/A,0.050988349335931195
2024/05/29 07:19:34.936,N/A,-0.027274432475818938,N/A
2024/05/29 07:19:39.935,N/A,N/A,-0.001267069476658167
2024/05/29 07:19:39.949,N/A,0.00020968137031274943,N/A
2024/05/29 07:19:44.935,N/A,N/A,0.004811951155945082
2024/05/29 07:19:44.965,N/A,0.015430585642239064,N/A
2024/05/29 07:19:49.935,N/A,N/A,0.023964419052823226
2024/05/29 07:19:49.976,N/A,-0.02186673228217036,N/A
2024/05/29 07:19:54.935,N/A,N/A,0.0041291636373660505
2024/05/29 07:19:54.989,N/A,-0.01524275919152195,N/A
2024/05/29 07:19:59.897,N/A,5.34665445928733,N/A
2024/05/29 07:19:59.935,N/A,N/A,0.006018677091999887
2024/05/29 07:20:04.913,N/A,6.902115070451306,N/A
2024/05/29 07:20:04.935,N/A,N/A,0.30874389092337684
2024/05/29 07:20:09.930,N/A,0.05003322677916298,N/A
2024/05/29 07:20:09.935,N/A,N/A,0.2939541274513121
2024/05/29 07:20:14.935,N/A,N/A,0.3364775878092645
2024/05/29 07:20:14.942,N/A,0.07560059186499818,N/A
2024/05/29 07:20:19.935,N/A,N/A,0.3830781133622604
2024/05/29 07:20:19.957,N/A,0.11244439314894272,N/A
2024/05/29 07:20:24.935,N/A,N/A,0.298107573546646
2024/05/29 07:20:24.962,N/A,0.13053407282747131,N/A
2024/05/29 07:20:29.935,N/A,N/A,0.3449954352292822
2024/05/29 07:20:29.984,N/A,0.0955404309079472,N/A
2024/05/29 07:20:34.935,N/A,N/A,0.39991987036558996
2024/05/29 07:20:34.994,N/A,0.12340828537741477,N/A
2024/05/29 07:20:39.910,N/A,1.2062534848996869,N/A
2024/05/29 07:20:39.935,N/A,N/A,0.3581072645606167
2024/05/29 07:20:44.929,N/A,0.20430052072495006,N/A
2024/05/29 07:20:44.935,N/A,N/A,0.2751153631505551
2024/05/29 07:20:49.935,N/A,N/A,0.34978394035718774
2024/05/29 07:20:49.948,N/A,0.23740327574879574,N/A
2024/05/29 07:20:54.935,N/A,N/A,0.3547664690229092
2024/05/29 07:20:54.967,N/A,0.2511273824186344,N/A
2024/05/29 07:20:59.935,N/A,N/A,0.3431722071231482
2024/05/29 07:20:59.976,N/A,0.233266181914305,N/A
2024/05/29 07:21:04.935,N/A,N/A,0.3646665719332407
2024/05/29 07:21:04.986,N/A,0.24577973355311517,N/A
2024/05/29 07:21:09.900,N/A,0.39873004245749366,N/A
2024/05/29 07:21:09.935,N/A,N/A,0.34647600079178975
2024/05/29 07:21:14.912,N/A,0.33004324936289475,N/A
2024/05/29 07:21:14.935,N/A,N/A,0.42923906764142356
2024/05/29 07:21:19.926,N/A,0.3452480125347937,N/A
2024/05/29 07:21:19.935,N/A,N/A,0.05270685554156283
2024/05/29 07:21:24.935,N/A,N/A,0.8679485945190064
2024/05/29 07:21:24.939,N/A,12.673147265794716,N/A
2024/05/29 07:21:29.935,N/A,N/A,0.8408256285258042
2024/05/29 07:21:29.955,N/A,5.425836475821336,N/A
2024/05/29 07:21:34.935,N/A,N/A,0.9512989418034539
2024/05/29 07:21:34.967,N/A,4.801829558561849,N/A
2024/05/29 07:21:39.935,N/A,N/A,0.8122454388016666
2024/05/29 07:21:39.974,N/A,7.920271053998908,N/A
2024/05/29 07:21:44.935,N/A,N/A,0.9696388869190158
2024/05/29 07:21:44.992,N/A,6.333931023286012,N/A
2024/05/29 07:21:49.900,N/A,10.730021781783211,N/A
2024/05/29 07:21:49.935,N/A,N/A,1.020958027287331
2024/05/29 07:21:54.912,N/A,6.42188005494856,N/A
2024/05/29 07:21:54.935,N/A,N/A,1.0521685379490597
2024/05/29 07:21:59.923,N/A,5.204029348741247,N/A
2024/05/29 07:21:59.935,N/A,N/A,1.0480188227940483
2024/05/29 07:22:04.934,N/A,9.679304286122594,N/A
2024/05/29 07:22:04.935,N/A,N/A,1.124102118766091
2024/05/29 07:22:09.935,N/A,N/A,1.101569598018176
2024/05/29 07:22:09.944,N/A,5.583391032526847,N/A
2024/05/29 07:22:14.935,N/A,N/A,1.1545614261915316
2024/05/29 07:22:14.955,N/A,7.353243440320647,N/A
2024/05/29 07:22:19.935,N/A,N/A,1.2087370500735277
2024/05/29 07:22:19.965,N/A,6.482387882268423,N/A
2024/05/29 07:22:24.935,N/A,N/A,1.199471882301513
2024/05/29 07:22:24.975,N/A,7.9161481272860055,N/A
2024/05/29 07:22:29.935,N/A,N/A,1.2208038275667332
2024/05/29 07:22:29.989,N/A,11.226101663191377,N/A
2024/05/29 07:22:34.935,N/A,N/A,1.2743161863201595
2024/05/29 07:22:34.995,N/A,5.7647506389564445,N/A
2024/05/29 07:22:39.902,N/A,5.789807654090224,N/A
2024/05/29 07:22:39.935,N/A,N/A,1.24478316917969
2024/05/29 07:22:44.909,N/A,5.596704014037498,N/A
2024/05/29 07:22:44.935,N/A,N/A,1.2372600789244326
2024/05/29 07:22:49.912,N/A,6.030939688648131,N/A
2024/05/29 07:22:49.935,N/A,N/A,1.3513463980821303
2024/05/29 07:22:54.923,N/A,5.555462169173116,N/A
2024/05/29 07:22:54.935,N/A,N/A,1.4191310505274353
2024/05/29 07:22:59.935,N/A,9.7538875725765,1.4446305008427234
2024/05/29 07:23:04.935,N/A,N/A,1.4965314248147759
2024/05/29 07:23:04.948,N/A,7.0879690529637305,N/A
2024/05/29 07:23:09.935,N/A,N/A,1.4993883976455373
2024/05/29 07:23:09.961,N/A,6.6636051935008815,N/A
2024/05/29 07:23:14.935,N/A,N/A,1.60799515451898
2024/05/29 07:23:14.976,N/A,10.875274869837416,N/A
2024/05/29 07:23:19.935,N/A,N/A,1.4795561402296677
2024/05/29 07:23:19.988,N/A,6.0661926870029745,N/A
2024/05/29 07:23:24.935,N/A,N/A,1.4790591949244998
2024/05/29 07:23:24.997,N/A,6.349799675042935,N/A
2024/05/29 07:23:29.904,N/A,6.450128243653125,N/A
2024/05/29 07:23:29.935,N/A,N/A,1.5696996123682245
2024/05/29 07:23:34.913,N/A,6.42530055144178,N/A
2024/05/29 07:23:34.935,N/A,N/A,1.5626377646689924
2024/05/29 07:23:39.928,N/A,10.134340085480273,N/A
2024/05/29 07:23:39.935,N/A,N/A,1.7111725608690789
2024/05/29 07:23:44.935,N/A,N/A,1.7734405013399013
2024/05/29 07:23:44.946,N/A,6.469823360387176,N/A
2024/05/29 07:23:49.935,N/A,N/A,1.7677267482758907
2024/05/29 07:23:49.956,N/A,7.226224528736348,N/A
2024/05/29 07:23:54.935,N/A,N/A,1.787961829931986
2024/05/29 07:23:54.973,N/A,11.00566342540481,N/A
2024/05/29 07:23:59.438,90.22669777078916,N/A,N/A
2024/05/29 07:23:59.935,N/A,N/A,2.032121204347899
2024/05/29 07:23:59.989,N/A,8.649394089031253,N/A
2024/05/29 07:24:04.233,91.91663715911862,N/A,N/A
2024/05/29 07:24:04.900,N/A,7.999821466711532,N/A
2024/05/29 07:24:04.935,N/A,N/A,1.9487912151394549
2024/05/29 07:24:09.825,91.82138577800289,N/A,N/A
2024/05/29 07:24:09.923,N/A,7.635770854451493,N/A
2024/05/29 07:24:09.935,N/A,N/A,1.9915333851855053
2024/05/29 07:24:14.620,92.48420950331368,N/A,N/A
2024/05/29 07:24:14.934,N/A,11.294685354175627,N/A
2024/05/29 07:24:14.935,N/A,N/A,2.0565798750683957
2024/05/29 07:24:19.416,91.1949408035862,N/A,N/A
2024/05/29 07:24:19.935,N/A,N/A,2.0739688247334445
2024/05/29 07:24:19.940,N/A,8.569509081086878,N/A
2024/05/29 07:24:24.213,91.73197893671829,N/A,N/A
2024/05/29 07:24:24.935,N/A,N/A,2.226803134915401
2024/05/29 07:24:24.955,N/A,9.210760579789088,N/A
2024/05/29 07:24:29.808,90.52532987863205,N/A,N/A
2024/05/29 07:24:29.935,N/A,N/A,2.1792053111216174
2024/05/29 07:24:29.971,N/A,12.531047708366627,N/A
2024/05/29 07:24:34.606,92.4193322013621,N/A,N/A
2024/05/29 07:24:34.935,N/A,N/A,2.3333478600174953
2024/05/29 07:24:34.990,N/A,8.88089642101734,N/A
2024/05/29 07:24:39.405,91.67977156704717,N/A,N/A
2024/05/29 07:24:39.906,N/A,8.25458962265784,N/A
2024/05/29 07:24:39.935,N/A,N/A,2.3278951129276297
2024/05/29 07:24:44.208,91.52570278833537,N/A,N/A
2024/05/29 07:24:44.919,N/A,10.231462658021554,N/A
2024/05/29 07:24:44.935,N/A,N/A,2.4187496744029344
2024/05/29 07:24:49.811,92.76527500552115,N/A,N/A
2024/05/29 07:24:49.935,N/A,9.12601717137646,2.5006636330222154
2024/05/29 07:24:54.613,92.16765454448951,N/A,N/A
2024/05/29 07:24:54.935,N/A,N/A,2.583477609059146
2024/05/29 07:24:54.948,N/A,10.052385170810448,N/A
2024/05/29 07:24:59.417,92.79762602061291,N/A,N/A
2024/05/29 07:24:59.935,N/A,N/A,2.648280961369485
2024/05/29 07:24:59.961,N/A,9.288837894414106,N/A
2024/05/29 07:25:04.223,92.6025960120115,N/A,N/A
2024/05/29 07:25:04.935,N/A,N/A,2.6122919655688213
2024/05/29 07:25:04.976,N/A,9.645197859211418,N/A
2024/05/29 07:25:09.831,91.64425053093431,N/A,N/A
2024/05/29 07:25:09.935,N/A,N/A,2.67313879290019
2024/05/29 07:25:09.989,N/A,14.42691877794327,N/A
2024/05/29 07:25:14.639,89.1204224735048,N/A,N/A
2024/05/29 07:25:14.904,N/A,9.542769334665248,N/A
2024/05/29 07:25:14.935,N/A,N/A,2.8121014391404846
2024/05/29 07:25:19.446,91.99498258510295,N/A,N/A
2024/05/29 07:25:19.914,N/A,10.786094299321366,N/A
2024/05/29 07:25:19.935,N/A,N/A,2.8069134833546556
2024/05/29 07:25:24.251,94.84542178403555,N/A,N/A
2024/05/29 07:25:24.930,N/A,9.989030635043733,N/A
2024/05/29 07:25:24.935,N/A,N/A,2.92249250368601
2024/05/29 07:25:29.856,90.873671740021,N/A,N/A
2024/05/29 07:25:29.935,N/A,N/A,2.9199981992302146
2024/05/29 07:25:29.949,N/A,14.876667113193514,N/A
2024/05/29 07:25:34.660,92.02121176548408,N/A,N/A
2024/05/29 07:25:34.935,N/A,N/A,3.0171818977478906
2024/05/29 07:25:34.967,N/A,10.40705002577431,N/A
2024/05/29 07:25:39.462,91.66657659416683,N/A,N/A
2024/05/29 07:25:39.935,N/A,N/A,3.0871629203776263
2024/05/29 07:25:39.985,N/A,10.520597837428044,N/A
2024/05/29 07:25:44.263,91.82829701959142,N/A,N/A
2024/05/29 07:25:44.902,N/A,16.851424793234788,N/A
2024/05/29 07:25:44.935,N/A,N/A,3.17984730787165
2024/05/29 07:25:49.864,90.94658899834899,N/A,N/A
2024/05/29 07:25:49.918,N/A,11.62412532735033,N/A
2024/05/29 07:25:49.935,N/A,N/A,3.252136777884927
2024/05/29 07:25:54.667,91.85870493556062,N/A,N/A
2024/05/29 07:25:54.931,N/A,11.609009106726148,N/A
2024/05/29 07:25:54.935,N/A,N/A,3.3869966957879223
2024/05/29 07:25:59.471,91.84565480448043,N/A,N/A
2024/05/29 07:25:59.935,N/A,N/A,3.367296533250615
2024/05/29 07:25:59.947,N/A,14.761094250825339,N/A
2024/05/29 07:26:04.273,90.25065161743045,N/A,N/A
2024/05/29 07:26:04.935,N/A,N/A,3.45015744318309
2024/05/29 07:26:04.955,N/A,11.950518439298333,N/A
2024/05/29 07:26:08.275,90.40086737695299,N/A,N/A
2024/05/29 07:26:09.935,N/A,N/A,2.8236607207773528
2024/05/29 07:26:09.964,N/A,8.156347431523601,N/A
2024/05/29 07:26:14.935,N/A,N/A,2.784949704658655
2024/05/29 07:26:14.971,N/A,8.111912741289597,N/A
2024/05/29 07:26:19.478,92.98355043077346,N/A,N/A
2024/05/29 07:26:19.935,N/A,N/A,3.4958457983185816
2024/05/29 07:26:19.977,N/A,12.079510297200027,N/A
2024/05/29 07:26:20.278,93.89814195298707,N/A,N/A
2024/05/29 07:26:24.935,N/A,N/A,2.8599283773792825
2024/05/29 07:26:24.983,N/A,8.05128824124818,N/A
2024/05/29 07:26:29.637,96.36362859088203,N/A,N/A
2024/05/29 07:26:29.935,N/A,N/A,3.057184239815962
2024/05/29 07:26:29.987,N/A,8.208006753332713,N/A
2024/05/29 07:26:33.636,96.4895986254859,N/A,N/A
2024/05/29 07:26:34.935,N/A,N/A,3.1053970525075902
2024/05/29 07:26:34.994,N/A,8.379447220149364,N/A
2024/05/29 07:26:39.638,94.86923136283119,N/A,N/A
2024/05/29 07:26:39.900,N/A,11.861238726402036,N/A
2024/05/29 07:26:39.935,N/A,N/A,3.116974506206499
2024/05/29 07:26:43.639,93.24210553856834,N/A,N/A
2024/05/29 07:26:44.908,N/A,12.091058102453728,N/A
2024/05/29 07:26:44.935,N/A,N/A,3.1068960402096453
2024/05/29 07:26:49.638,95.13920637857929,N/A,N/A
2024/05/29 07:26:49.916,N/A,11.642608013185171,N/A
2024/05/29 07:26:49.935,N/A,N/A,3.1106700686537496
2024/05/29 07:26:53.639,92.35114911694487,N/A,N/A
2024/05/29 07:26:54.928,N/A,12.276099068785465,N/A
2024/05/29 07:26:54.935,N/A,N/A,3.0902649181620383
2024/05/29 07:26:55.638,92.87970245655774,N/A,N/A
2024/05/29 07:26:59.935,N/A,8.056867304746888,2.8348925734025534
2024/05/29 07:27:04.236,93.32550025722435,N/A,N/A
2024/05/29 07:27:04.935,N/A,N/A,3.082692975656108
2024/05/29 07:27:04.950,N/A,8.222022290644174,N/A
2024/05/29 07:27:08.233,93.05073674698396,N/A,N/A
2024/05/29 07:27:09.935,N/A,N/A,3.1092542601205593
2024/05/29 07:27:09.959,N/A,7.947834488028287,N/A
2024/05/29 07:27:14.230,89.45728434538195,N/A,N/A
2024/05/29 07:27:14.935,N/A,N/A,3.1402906889154005
2024/05/29 07:27:14.967,N/A,8.197150386025125,N/A
2024/05/29 07:27:18.227,81.89486594027751,N/A,N/A
2024/05/29 07:27:19.935,N/A,N/A,3.1594848235978876
2024/05/29 07:27:19.982,N/A,8.326544770702801,N/A
2024/05/29 07:27:24.226,84.9014373355804,N/A,N/A
2024/05/29 07:27:24.935,N/A,N/A,3.211119678784975
2024/05/29 07:27:24.995,N/A,8.016944764250468,N/A
2024/05/29 07:27:28.226,86.4765348558666,N/A,N/A
2024/05/29 07:27:29.904,N/A,13.28559810121894,N/A
2024/05/29 07:27:29.935,N/A,N/A,3.1470132550309935
2024/05/29 07:27:34.229,95.84504711064335,N/A,N/A
2024/05/29 07:27:34.917,N/A,11.14559074710595,N/A
2024/05/29 07:27:34.935,N/A,N/A,3.1055145065215535
2024/05/29 07:27:36.230,95.98731887776805,N/A,N/A
2024/05/29 07:27:39.929,N/A,8.184070180918079,N/A
2024/05/29 07:27:39.935,N/A,N/A,2.8003639009136054
2024/05/29 07:27:44.838,93.85926428108672,N/A,N/A
2024/05/29 07:27:44.933,N/A,8.075909905837294,N/A
2024/05/29 07:27:44.935,N/A,N/A,2.915265698408522
2024/05/29 07:27:48.844,94.55876154144745,N/A,N/A
2024/05/29 07:27:49.935,N/A,N/A,3.0816643894330653
2024/05/29 07:27:49.941,N/A,8.132790000323297,N/A
2024/05/29 07:27:54.848,95.40414025715688,N/A,N/A
2024/05/29 07:27:54.935,N/A,N/A,3.0434490592899253
2024/05/29 07:27:54.958,N/A,7.678928678891727,N/A
2024/05/29 07:27:58.849,95.3414488088106,N/A,N/A
2024/05/29 07:27:59.935,N/A,N/A,3.064116323973539
2024/05/29 07:27:59.970,N/A,8.050140084342704,N/A
2024/05/29 07:28:04.851,94.51332416170321,N/A,N/A
2024/05/29 07:28:04.935,N/A,N/A,3.0847037887872957
2024/05/29 07:28:04.983,N/A,8.131789334534346,N/A
2024/05/29 07:28:09.935,N/A,N/A,2.8152868742806265
2024/05/29 07:28:09.997,N/A,8.082944694058716,N/A
2024/05/29 07:28:13.454,94.88068704542383,N/A,N/A
2024/05/29 07:28:14.907,N/A,13.218953822465117,N/A
2024/05/29 07:28:14.935,N/A,N/A,3.0578272908074564
2024/05/29 07:28:19.458,87.69856913977799,N/A,N/A
2024/05/29 07:28:19.923,N/A,14.417737859172963,N/A
2024/05/29 07:28:19.935,N/A,N/A,3.1978953118553717
2024/05/29 07:28:23.460,78.68913130920981,N/A,N/A
2024/05/29 07:28:24.934,N/A,13.88723946604,N/A
2024/05/29 07:28:24.935,N/A,N/A,3.1960434932211883
2024/05/29 07:28:29.466,74.93400862696487,N/A,N/A
2024/05/29 07:28:29.935,N/A,N/A,3.13962311753425
2024/05/29 07:28:29.950,N/A,14.120374297815824,N/A
2024/05/29 07:28:33.472,72.26727534432422,N/A,N/A
2024/05/29 07:28:34.935,N/A,N/A,3.1204920166307577
2024/05/29 07:28:34.962,N/A,13.545799650473862,N/A
2024/05/29 07:28:39.480,89.8433252488584,N/A,N/A
2024/05/29 07:28:39.935,N/A,N/A,3.0463680197374936
2024/05/29 07:28:39.975,N/A,7.7448958516462625,N/A
2024/05/29 07:28:43.487,94.75858894840472,N/A,N/A
2024/05/29 07:28:44.935,N/A,N/A,3.0401390723651907
2024/05/29 07:28:44.987,N/A,8.080609308817694,N/A
2024/05/29 07:28:49.499,93.80893682654262,N/A,N/A
2024/05/29 07:28:49.898,N/A,11.522028921732932,N/A
2024/05/29 07:28:49.935,N/A,N/A,2.999606204967341
2024/05/29 07:28:53.506,96.95478497086101,N/A,N/A
2024/05/29 07:28:54.910,N/A,8.115746336920449,N/A
2024/05/29 07:28:54.935,N/A,N/A,3.06277139766372
2024/05/29 07:28:59.923,N/A,7.680587484004452,N/A
2024/05/29 07:28:59.935,N/A,N/A,2.801929638904469
2024/05/29 07:29:04.324,94.50349793460143,N/A,N/A
2024/05/29 07:29:04.935,N/A,11.11889987826085,3.0173640351703384
2024/05/29 07:29:08.331,96.890396413944,N/A,N/A
2024/05/29 07:29:09.935,N/A,N/A,3.1166269980657053
2024/05/29 07:29:09.947,N/A,12.224516088532104,N/A
2024/05/29 07:29:14.344,91.96837416320884,N/A,N/A
2024/05/29 07:29:14.935,N/A,N/A,3.6368052467427403
2024/05/29 07:29:14.960,N/A,12.06622169412686,N/A
2024/05/29 07:29:18.352,94.46543095040369,N/A,N/A
2024/05/29 07:29:19.935,N/A,N/A,3.169488094750135
2024/05/29 07:29:19.976,N/A,13.344069187005747,N/A
2024/05/29 07:29:24.365,92.28402280392639,N/A,N/A
2024/05/29 07:29:24.935,N/A,N/A,3.464112200867858
2024/05/29 07:29:24.988,N/A,12.598127349438348,N/A
2024/05/29 07:29:28.375,94.5028892360832,N/A,N/A
2024/05/29 07:29:29.935,N/A,N/A,2.832429475010981
2024/05/29 07:29:29.998,N/A,8.07481148690938,N/A
2024/05/29 07:29:34.909,N/A,7.710034980379804,N/A
2024/05/29 07:29:34.935,N/A,N/A,2.7759038184074782
2024/05/29 07:29:38.997,94.35452260398137,N/A,N/A
2024/05/29 07:29:39.921,N/A,8.087056816869747,N/A
2024/05/29 07:29:39.935,N/A,N/A,3.0632662616187334
2024/05/29 07:29:43.006,94.66197558125793,N/A,N/A
2024/05/29 07:29:44.934,N/A,8.133472392503416,N/A
2024/05/29 07:29:44.935,N/A,N/A,3.1365617183808507
2024/05/29 07:29:49.020,92.58390343031706,N/A,N/A
2024/05/29 07:29:49.935,N/A,N/A,3.1543081805021402
2024/05/29 07:29:49.951,N/A,8.451236648191434,N/A
2024/05/29 07:29:53.029,94.02557400459929,N/A,N/A
2024/05/29 07:29:54.935,N/A,N/A,3.1827635853805134
2024/05/29 07:29:54.967,N/A,8.357151479047763,N/A
2024/05/29 07:29:59.041,90.01519303569418,N/A,N/A
2024/05/29 07:29:59.935,N/A,N/A,3.960471333970314
2024/05/29 07:29:59.979,N/A,7.951511079771781,N/A
2024/05/29 07:30:00.000,90.01519303569418,7.951511079771781,3.960471333970314
