Timestamp,BMLDCCT:CURRENT,BMLDCCT:RATE,CG_BTP:BPM:CHARGE1,CGLINJ:EFFICIENCY,timestamp,unix_time,BPM_to_current
2024/03/01 11:09:37.435,100.2341,-0.0162000000000119,0.0,0.0,2024-03-01 11:09:37.435,1709291377,-0.010000000000000002
2024/03/01 11:09:38.492,100.1351,-0.0989999999999895,0.0,0.0,2024-03-01 11:09:38.492,1709291378,-0.010000000000000002
2024/03/01 11:09:39.434,100.0361,-0.0989999999999895,0.0,0.0,2024-03-01 11:09:39.434,1709291379,-0.010000000000000002
2024/03/01 11:09:39.435,100.0361,-0.0990000000000037,0.0,0.0,2024-03-01 11:09:39.435,1709291379,-0.010000000000000002
2024/03/01 11:09:40.434,99.9139,-0.1222000000000065,0.0,0.0,2024-03-01 11:09:40.434,1709291380,-0.010000000000000002
2024/03/01 11:09:41.434,99.821,-0.0929000000000002,0.0,0.0,2024-03-01 11:09:41.434,1709291381,-0.010000000000000002
2024/03/01 11:09:42.434,99.723,-0.0979999999999989,0.0,0.0,2024-03-01 11:09:42.434,1709291382,-0.010000000000000002
2024/03/01 11:09:43.434,99.626,-0.0970000000000084,0.0,0.0,2024-03-01 11:09:43.434,1709291383,-0.010000000000000002
2024/03/01 11:09:44.462,99.5169,-0.0970000000000084,0.0,0.0,2024-03-01 11:09:44.462,1709291384,-0.010000000000000002
2024/03/01 11:09:44.463,99.5169,-0.1090999999999837,0.0,0.0,2024-03-01 11:09:44.463,1709291384,-0.010000000000000002
2024/03/01 11:09:45.525,99.4089,-0.108000000000004,0.0,0.0,2024-03-01 11:09:45.525,1709291385,-0.010000000000000002
2024/03/01 11:09:46.434,99.3119,-0.0970000000000084,0.0,0.0,2024-03-01 11:09:46.434,1709291386,-0.010000000000000002
2024/03/01 11:09:47.434,99.222,-0.0898999999999858,0.0,0.0,2024-03-01 11:09:47.434,1709291387,-0.010000000000000002
2024/03/01 11:09:48.433,99.1058,-0.0898999999999858,0.0,0.0,2024-03-01 11:09:48.433,1709291388,-0.010000000000000002
2024/03/01 11:09:48.434,99.1058,-0.1162000000000063,0.0,0.0,2024-03-01 11:09:48.434,1709291388,-0.010000000000000002
2024/03/01 11:09:49.434,99.0028,-0.1029999999999944,0.0,0.0,2024-03-01 11:09:49.434,1709291389,-0.010000000000000002
2024/03/01 11:09:50.433,98.8786,-0.1029999999999944,0.0,0.0,2024-03-01 11:09:50.433,1709291390,-0.010000000000000002
2024/03/01 11:09:50.434,98.8786,-0.1242000000000018,0.0,0.0,2024-03-01 11:09:50.434,1709291390,-0.010000000000000002
2024/03/01 11:09:51.463,98.7806,-0.0980000000000131,0.0,0.0,2024-03-01 11:09:51.463,1709291391,-0.010000000000000002
2024/03/01 11:09:52.527,98.6655,-0.1150999999999839,0.0,0.0,2024-03-01 11:09:52.527,1709291392,-0.010000000000000002
2024/03/01 11:09:53.434,98.5665,-0.0990000000000037,0.0,0.0,2024-03-01 11:09:53.434,1709291393,-0.010000000000000002
2024/03/01 11:09:54.434,98.4544,-0.112099999999998,0.0,0.0,2024-03-01 11:09:54.434,1709291394,-0.010000000000000002
2024/03/01 11:09:55.434,98.3574,-0.112099999999998,0.0,0.0,2024-03-01 11:09:55.434,1709291395,-0.010000000000000002
2024/03/01 11:09:55.435,98.3574,-0.0970000000000084,0.0,0.0,2024-03-01 11:09:55.435,1709291395,-0.010000000000000002
2024/03/01 11:09:56.434,98.2443,-0.1131000000000028,0.0,0.0,2024-03-01 11:09:56.434,1709291396,-0.010000000000000002
2024/03/01 11:09:57.434,98.1473,-0.0969999999999942,0.0,0.0,2024-03-01 11:09:57.434,1709291397,-0.010000000000000002
2024/03/01 11:09:58.494,98.0332,-0.1140999999999934,0.0,0.0,2024-03-01 11:09:58.494,1709291398,-0.010000000000000002
2024/03/01 11:09:59.434,97.9483,-0.0849000000000046,0.0,0.0,2024-03-01 11:09:59.434,1709291399,-0.010000000000000002
2024/03/01 11:10:00.433,97.8362,-0.0849000000000046,0.0,0.0,2024-03-01 11:10:00.433,1709291400,-0.010000000000000002
2024/03/01 11:10:00.434,97.8362,-0.112099999999998,0.0,0.0,2024-03-01 11:10:00.434,1709291400,-0.010000000000000002
2024/03/01 11:10:01.434,97.7221,-0.1141000000000076,0.0,0.0,2024-03-01 11:10:01.434,1709291401,-0.010000000000000002
2024/03/01 11:10:02.434,97.6291,-0.0930000000000035,0.0,0.0,2024-03-01 11:10:02.434,1709291402,-0.010000000000000002
2024/03/01 11:10:03.433,97.52,-0.0930000000000035,0.0,0.0,2024-03-01 11:10:03.433,1709291403,-0.010000000000000002
2024/03/01 11:10:03.434,97.52,-0.1090999999999979,0.0,0.0,2024-03-01 11:10:03.434,1709291403,-0.010000000000000002
2024/03/01 11:10:04.464,97.417,-0.1029999999999944,0.0,0.0,2024-03-01 11:10:04.464,1709291404,-0.010000000000000002
2024/03/01 11:10:05.527,97.3089,-0.1080999999999932,0.0,0.0,2024-03-01 11:10:05.527,1709291405,-0.010000000000000002
2024/03/01 11:10:06.434,97.213,-0.0959000000000145,0.0,0.0,2024-03-01 11:10:06.434,1709291406,-0.010000000000000002
2024/03/01 11:10:07.434,97.1089,-0.0959000000000145,0.0,0.0,2024-03-01 11:10:07.434,1709291407,-0.010000000000000002
2024/03/01 11:10:07.435,97.1089,-0.1040999999999883,0.0,0.0,2024-03-01 11:10:07.435,1709291407,-0.010000000000000002
2024/03/01 11:10:08.433,97.0019,-0.1040999999999883,0.0,0.0,2024-03-01 11:10:08.433,1709291408,-0.010000000000000002
2024/03/01 11:10:08.434,97.0019,-0.1069999999999993,0.0,0.0,2024-03-01 11:10:08.434,1709291408,-0.010000000000000002
2024/03/01 11:10:09.434,96.9039,-0.0979999999999989,0.0,0.0,2024-03-01 11:10:09.434,1709291409,-0.010000000000000002
2024/03/01 11:10:10.434,96.7938,-0.1101000000000027,0.0,0.0,2024-03-01 11:10:10.434,1709291410,-0.010000000000000002
2024/03/01 11:10:11.465,96.6918,-0.1020000000000038,0.0,0.0,2024-03-01 11:10:11.465,1709291411,-0.010000000000000002
2024/03/01 11:10:12.527,96.5807,-0.1111000000000075,0.0,0.0,2024-03-01 11:10:12.527,1709291412,-0.010000000000000002
2024/03/01 11:10:13.435,96.4898,-0.0908999999999906,0.0,0.0,2024-03-01 11:10:13.435,1709291413,-0.010000000000000002
2024/03/01 11:10:14.434,96.3827,-0.1071000000000026,0.0,0.0,2024-03-01 11:10:14.434,1709291414,-0.010000000000000002
2024/03/01 11:10:15.434,96.2888,-0.0939000000000049,0.0,0.0,2024-03-01 11:10:15.434,1709291415,-0.010000000000000002
2024/03/01 11:10:16.434,96.1827,-0.0939000000000049,0.0,0.0,2024-03-01 11:10:16.434,1709291416,-0.010000000000000002
2024/03/01 11:10:16.435,96.1827,-0.1060999999999978,0.0,0.0,2024-03-01 11:10:16.435,1709291416,-0.010000000000000002
2024/03/01 11:10:17.434,96.0878,-0.1060999999999978,0.0,0.0,2024-03-01 11:10:17.434,1709291417,-0.010000000000000002
2024/03/01 11:10:17.435,96.0878,-0.0948999999999955,0.0,0.0,2024-03-01 11:10:17.435,1709291417,-0.010000000000000002
2024/03/01 11:10:18.462,95.9817,-0.0948999999999955,0.0,0.0,2024-03-01 11:10:18.462,1709291418,-0.010000000000000002
2024/03/01 11:10:18.463,95.9817,-0.1060999999999978,0.0,0.0,2024-03-01 11:10:18.463,1709291418,-0.010000000000000002
2024/03/01 11:10:19.519,95.8858,-0.0959000000000003,0.0,0.0,2024-03-01 11:10:19.519,1709291419,-0.010000000000000002
2024/03/01 11:10:20.433,95.7817,-0.1041000000000025,0.0,0.0,2024-03-01 11:10:20.433,1709291420,-0.010000000000000002
2024/03/01 11:10:21.434,95.6908,-0.0909000000000048,0.0,0.0,2024-03-01 11:10:21.434,1709291421,-0.010000000000000002
2024/03/01 11:10:22.434,95.5878,-0.1029999999999944,0.0,0.0,2024-03-01 11:10:22.434,1709291422,-0.010000000000000002
2024/03/01 11:10:23.434,95.4908,-0.0969999999999942,0.0,0.0,2024-03-01 11:10:23.434,1709291423,-0.010000000000000002
2024/03/01 11:10:24.434,95.3979,-0.0929000000000144,0.0,0.0,2024-03-01 11:10:24.434,1709291424,-0.010000000000000002
2024/03/01 11:10:25.483,95.2969,-0.0929000000000144,0.0,0.0,2024-03-01 11:10:25.483,1709291425,-0.010000000000000002
2024/03/01 11:10:25.484,95.2969,-0.1009999999999848,0.0,0.0,2024-03-01 11:10:25.484,1709291425,-0.010000000000000002
2024/03/01 11:10:26.434,95.1949,-0.1020000000000038,0.0,0.0,2024-03-01 11:10:26.434,1709291426,-0.010000000000000002
2024/03/01 11:10:27.434,95.1019,-0.0930000000000035,0.0,0.0,2024-03-01 11:10:27.434,1709291427,-0.010000000000000002
2024/03/01 11:10:28.434,94.9989,-0.0930000000000035,0.0,0.0,2024-03-01 11:10:28.434,1709291428,-0.010000000000000002
2024/03/01 11:10:28.435,94.9989,-0.1029999999999944,0.0,0.0,2024-03-01 11:10:28.435,1709291428,-0.010000000000000002
2024/03/01 11:10:29.434,94.9141,-0.0848000000000013,0.0,0.0,2024-03-01 11:10:29.434,1709291429,-0.010000000000000002
2024/03/01 11:10:30.434,94.811,-0.1031000000000119,0.0,0.0,2024-03-01 11:10:30.434,1709291430,-0.010000000000000002
2024/03/01 11:10:31.463,94.7141,-0.0968999999999908,0.0,0.0,2024-03-01 11:10:31.463,1709291431,-0.010000000000000002
2024/03/01 11:10:32.526,94.61,-0.0968999999999908,0.0,0.0,2024-03-01 11:10:32.526,1709291432,-0.010000000000000002
2024/03/01 11:10:32.527,94.61,-0.1041000000000025,0.0,0.0,2024-03-01 11:10:32.527,1709291432,-0.010000000000000002
2024/03/01 11:10:33.434,94.5252,-0.0847999999999871,0.0,0.0,2024-03-01 11:10:33.434,1709291433,-0.010000000000000002
2024/03/01 11:10:34.434,94.4252,-0.1000000000000085,0.0,0.0,2024-03-01 11:10:34.434,1709291434,-0.010000000000000002
2024/03/01 11:10:35.433,94.3313,-0.1000000000000085,0.0,0.0,2024-03-01 11:10:35.433,1709291435,-0.010000000000000002
2024/03/01 11:10:35.434,94.3313,-0.0939000000000049,0.0,0.0,2024-03-01 11:10:35.434,1709291435,-0.010000000000000002
2024/03/01 11:10:36.433,94.2353,-0.0939000000000049,0.0,0.0,2024-03-01 11:10:36.433,1709291436,-0.010000000000000002
2024/03/01 11:10:36.434,94.2353,-0.0960000000000036,0.0,0.0,2024-03-01 11:10:36.434,1709291436,-0.010000000000000002
2024/03/01 11:10:37.434,94.1414,-0.0938999999999907,0.0,0.0,2024-03-01 11:10:37.434,1709291437,-0.010000000000000002
2024/03/01 11:10:38.463,94.0363,-0.105099999999993,0.0,0.0,2024-03-01 11:10:38.463,1709291438,-0.010000000000000002
2024/03/01 11:10:39.527,93.9484,-0.0879000000000047,0.0,0.0,2024-03-01 11:10:39.527,1709291439,-0.010000000000000002
2024/03/01 11:10:40.433,93.8495,-0.0879000000000047,0.0,0.0,2024-03-01 11:10:40.433,1709291440,-0.010000000000000002
2024/03/01 11:10:40.434,93.8495,-0.0989000000000004,0.0,0.0,2024-03-01 11:10:40.434,1709291440,-0.010000000000000002
2024/03/01 11:10:41.434,93.7737,-0.0758000000000009,0.0,0.0,2024-03-01 11:10:41.434,1709291441,-0.010000000000000002
2024/03/01 11:10:42.433,93.6626,-0.0758000000000009,0.0,0.0,2024-03-01 11:10:42.433,1709291442,-0.010000000000000002
2024/03/01 11:10:42.434,93.6626,-0.1111000000000075,0.0,0.0,2024-03-01 11:10:42.434,1709291442,-0.010000000000000002
2024/03/01 11:10:43.435,93.5788,-0.0837999999999965,0.0,0.0,2024-03-01 11:10:43.435,1709291443,-0.010000000000000002
2024/03/01 11:10:44.434,93.4757,-0.1030999999999977,0.0,0.0,2024-03-01 11:10:44.434,1709291444,-0.010000000000000002
2024/03/01 11:10:45.497,93.3939,-0.1030999999999977,0.0,0.0,2024-03-01 11:10:45.497,1709291445,-0.010000000000000002
2024/03/01 11:10:45.498,93.3939,-0.0818000000000012,0.0,0.0,2024-03-01 11:10:45.498,1709291445,-0.010000000000000002
2024/03/01 11:10:46.434,93.2949,-0.0990000000000037,0.0,0.0,2024-03-01 11:10:46.434,1709291446,-0.010000000000000002
2024/03/01 11:10:47.434,93.2121,-0.0828000000000059,0.0,0.0,2024-03-01 11:10:47.434,1709291447,-0.010000000000000002
2024/03/01 11:10:48.434,93.1101,-0.1019999999999896,0.0,0.0,2024-03-01 11:10:48.434,1709291448,-0.010000000000000002
2024/03/01 11:10:49.434,93.0263,-0.0838000000000107,0.0,0.0,2024-03-01 11:10:49.434,1709291449,-0.010000000000000002
2024/03/01 11:10:50.433,92.9273,-0.0989999999999895,0.0,0.0,2024-03-01 11:10:50.433,1709291450,-0.010000000000000002
2024/03/01 11:10:51.462,92.8364,-0.0989999999999895,0.0,0.0,2024-03-01 11:10:51.462,1709291451,-0.010000000000000002
2024/03/01 11:10:51.463,92.8364,-0.0909000000000048,0.0,0.0,2024-03-01 11:10:51.463,1709291451,-0.010000000000000002
2024/03/01 11:10:52.526,92.7364,-0.0999999999999943,0.0,0.0,2024-03-01 11:10:52.526,1709291452,-0.010000000000000002
2024/03/01 11:10:53.434,92.6525,-0.0838999999999998,0.0,0.0,2024-03-01 11:10:53.434,1709291453,-0.010000000000000002
2024/03/01 11:10:54.434,92.5525,-0.1000000000000085,0.0,0.0,2024-03-01 11:10:54.434,1709291454,-0.010000000000000002
2024/03/01 11:10:55.434,92.4657,-0.0867999999999966,0.0,0.0,2024-03-01 11:10:55.434,1709291455,-0.010000000000000002
2024/03/01 11:10:56.433,92.3667,-0.0990000000000037,0.0,0.0,2024-03-01 11:10:56.433,1709291456,-0.010000000000000002
2024/03/01 11:10:57.434,92.2808,-0.0990000000000037,0.0,0.0,2024-03-01 11:10:57.434,1709291457,-0.010000000000000002
2024/03/01 11:10:57.435,92.2808,-0.0858999999999952,0.0,0.0,2024-03-01 11:10:57.435,1709291457,-0.010000000000000002
2024/03/01 11:10:58.462,92.1768,-0.1039999999999992,0.0,0.0,2024-03-01 11:10:58.462,1709291458,-0.010000000000000002
2024/03/01 11:10:59.525,92.0869,-0.0899,0.0,0.0,2024-03-01 11:10:59.525,1709291459,-0.010000000000000002
2024/03/01 11:11:00.433,91.994,-0.0899,0.0,0.0,2024-03-01 11:11:00.433,1709291460,-0.010000000000000002
2024/03/01 11:11:00.434,91.994,-0.0929000000000002,0.0,0.0,2024-03-01 11:11:00.434,1709291460,-0.010000000000000002
2024/03/01 11:11:01.434,91.9132,-0.0807999999999964,0.0,0.0,2024-03-01 11:11:01.434,1709291461,-0.010000000000000002
2024/03/01 11:11:02.434,91.8132,-0.1000000000000085,0.0,0.0,2024-03-01 11:11:02.434,1709291462,-0.010000000000000002
2024/03/01 11:11:03.433,91.7263,-0.1000000000000085,0.0,0.0,2024-03-01 11:11:03.433,1709291463,-0.010000000000000002
2024/03/01 11:11:03.434,91.7263,-0.0868999999999999,0.0,0.0,2024-03-01 11:11:03.434,1709291463,-0.010000000000000002
2024/03/01 11:11:04.434,91.6283,-0.0979999999999989,0.0,0.0,2024-03-01 11:11:04.434,1709291464,-0.010000000000000002
2024/03/01 11:11:05.462,91.5445,-0.0979999999999989,0.0,0.0,2024-03-01 11:11:05.462,1709291465,-0.010000000000000002
2024/03/01 11:11:05.463,91.5445,-0.0837999999999965,0.0,0.0,2024-03-01 11:11:05.463,1709291465,-0.010000000000000002
2024/03/01 11:11:06.526,91.4425,-0.1020000000000038,0.0,0.0,2024-03-01 11:11:06.526,1709291466,-0.010000000000000002
2024/03/01 11:11:07.434,91.3606,-0.0818999999999903,0.0,0.0,2024-03-01 11:11:07.434,1709291467,-0.010000000000000002
2024/03/01 11:11:08.433,91.2607,-0.0999000000000052,0.0,0.0,2024-03-01 11:11:08.433,1709291468,-0.010000000000000002
2024/03/01 11:11:09.434,91.1758,-0.0848999999999904,0.0,0.0,2024-03-01 11:11:09.434,1709291469,-0.010000000000000002
2024/03/01 11:11:10.433,91.0819,-0.0848999999999904,0.0,0.0,2024-03-01 11:11:10.433,1709291470,-0.010000000000000002
2024/03/01 11:11:10.434,91.0819,-0.0939000000000191,0.0,0.0,2024-03-01 11:11:10.434,1709291470,-0.010000000000000002
2024/03/01 11:11:11.434,90.995,-0.0939000000000191,0.0,0.0,2024-03-01 11:11:11.434,1709291471,-0.010000000000000002
2024/03/01 11:11:11.435,90.995,-0.0868999999999999,0.0,0.0,2024-03-01 11:11:11.435,1709291471,-0.010000000000000002
2024/03/01 11:11:12.465,90.899,-0.0959999999999894,0.0,0.0,2024-03-01 11:11:12.465,1709291472,-0.010000000000000002
2024/03/01 11:11:13.526,90.8051,-0.0959999999999894,0.0,0.0,2024-03-01 11:11:13.526,1709291473,-0.010000000000000002
2024/03/01 11:11:13.527,90.8051,-0.0939000000000049,0.0,0.0,2024-03-01 11:11:13.527,1709291473,-0.010000000000000002
2024/03/01 11:11:14.434,90.7142,-0.0909000000000048,0.0,0.0,2024-03-01 11:11:14.434,1709291474,-0.010000000000000002
2024/03/01 11:11:15.434,90.6364,-0.0777999999999963,0.0,0.0,2024-03-01 11:11:15.434,1709291475,-0.010000000000000002
2024/03/01 11:11:16.434,90.5364,-0.0999999999999943,0.0,0.0,2024-03-01 11:11:16.434,1709291476,-0.010000000000000002
2024/03/01 11:11:17.433,90.4576,-0.0999999999999943,0.0,0.0,2024-03-01 11:11:17.433,1709291477,-0.010000000000000002
2024/03/01 11:11:17.434,90.4576,-0.078800000000001,0.0,0.0,2024-03-01 11:11:17.434,1709291477,-0.010000000000000002
2024/03/01 11:11:18.433,90.3587,-0.078800000000001,0.0,0.0,2024-03-01 11:11:18.433,1709291478,-0.010000000000000002
2024/03/01 11:11:18.434,90.3587,-0.0989000000000004,0.0,0.0,2024-03-01 11:11:18.434,1709291478,-0.010000000000000002
2024/03/01 11:11:19.464,90.2708,-0.0878999999999905,0.0,0.0,2024-03-01 11:11:19.464,1709291479,-0.010000000000000002
2024/03/01 11:11:20.526,90.1819,-0.0889000000000095,0.0,0.0,2024-03-01 11:11:20.526,1709291480,-0.010000000000000002
2024/03/01 11:11:21.434,90.1021,-0.0797999999999916,0.0,0.0,2024-03-01 11:11:21.434,1709291481,-0.010000000000000002
2024/03/01 11:11:22.434,90.0122,-0.0899,0.0,0.0,2024-03-01 11:11:22.434,1709291482,-0.010000000000000002
2024/03/01 11:11:23.434,89.9284,-0.0899,0.0,0.0,2024-03-01 11:11:23.434,1709291483,-0.010000000000000002
2024/03/01 11:11:23.435,89.9284,-0.0838000000000107,0.0,0.0,2024-03-01 11:11:23.435,1709291483,-0.010000000000000002
2024/03/01 11:11:24.434,89.8375,-0.0908999999999906,0.0,0.0,2024-03-01 11:11:24.434,1709291484,-0.010000000000000002
2024/03/01 11:11:25.434,89.7536,-0.0838999999999998,0.0,0.0,2024-03-01 11:11:25.434,1709291485,-0.010000000000000002
2024/03/01 11:11:26.460,89.6678,-0.0838999999999998,0.0,0.0,2024-03-01 11:11:26.460,1709291486,-0.010000000000000002
2024/03/01 11:11:26.461,89.6678,-0.0858000000000061,0.0,0.0,2024-03-01 11:11:26.461,1709291486,-0.010000000000000002
2024/03/01 11:11:27.523,89.57079999999999,-0.0970000000000084,0.0,0.0,2024-03-01 11:11:27.523,1709291487,-0.010000000000000002
2024/03/01 11:11:28.433,89.491,-0.0970000000000084,0.0,0.0,2024-03-01 11:11:28.433,1709291488,-0.010000000000000002
2024/03/01 11:11:28.434,89.491,-0.0797999999999916,0.0,0.0,2024-03-01 11:11:28.434,1709291488,-0.010000000000000002
2024/03/01 11:11:29.434,89.41420000000001,-0.0767999999999915,0.0,0.0,2024-03-01 11:11:29.434,1709291489,-0.010000000000000002
2024/03/01 11:11:30.433,89.3284,-0.0858000000000061,0.0,0.0,2024-03-01 11:11:30.433,1709291490,-0.010000000000000002
2024/03/01 11:11:31.434,89.2425,-0.0858999999999952,0.0,0.0,2024-03-01 11:11:31.434,1709291491,-0.010000000000000002
2024/03/01 11:11:32.433,89.1537,-0.0858999999999952,0.0,0.0,2024-03-01 11:11:32.433,1709291492,-0.010000000000000002
2024/03/01 11:11:32.434,89.1537,-0.0888000000000062,0.0,0.0,2024-03-01 11:11:32.434,1709291492,-0.010000000000000002
2024/03/01 11:11:33.464,89.0728,-0.0808999999999997,0.0,0.0,2024-03-01 11:11:33.464,1709291493,-0.010000000000000002
2024/03/01 11:11:34.527,88.9759,-0.0808999999999997,0.0,0.0,2024-03-01 11:11:34.527,1709291494,-0.010000000000000002
2024/03/01 11:11:34.528,88.9759,-0.0969000000000051,0.0,0.0,2024-03-01 11:11:34.528,1709291494,-0.010000000000000002
2024/03/01 11:11:35.434,88.9112,-0.0647000000000019,0.0,0.0,2024-03-01 11:11:35.434,1709291495,-0.010000000000000002
2024/03/01 11:11:36.434,88.8173,-0.0938999999999907,0.0,0.0,2024-03-01 11:11:36.434,1709291496,-0.010000000000000002
2024/03/01 11:11:37.433,88.7415,-0.0938999999999907,0.0,0.0,2024-03-01 11:11:37.433,1709291497,-0.010000000000000002
2024/03/01 11:11:37.434,88.7415,-0.0758000000000009,0.0,0.0,2024-03-01 11:11:37.434,1709291497,-0.010000000000000002
2024/03/01 11:11:38.433,88.65769999999999,-0.0758000000000009,0.0,0.0,2024-03-01 11:11:38.433,1709291498,-0.010000000000000002
2024/03/01 11:11:38.434,88.65769999999999,-0.0838000000000107,0.0,0.0,2024-03-01 11:11:38.434,1709291498,-0.010000000000000002
2024/03/01 11:11:39.434,88.56880000000001,-0.0888999999999811,0.0,0.0,2024-03-01 11:11:39.434,1709291499,-0.010000000000000002
2024/03/01 11:11:40.462,88.4769,-0.0888999999999811,0.0,0.0,2024-03-01 11:11:40.462,1709291500,-0.010000000000000002
2024/03/01 11:11:40.463,88.4769,-0.0919000000000096,0.0,0.0,2024-03-01 11:11:40.463,1709291500,-0.010000000000000002
2024/03/01 11:11:41.525,88.39410000000001,-0.0919000000000096,0.0,0.0,2024-03-01 11:11:41.525,1709291501,-0.010000000000000002
2024/03/01 11:11:41.526,88.39410000000001,-0.0827999999999917,0.0,0.0,2024-03-01 11:11:41.526,1709291501,-0.010000000000000002
2024/03/01 11:11:42.434,88.3123,-0.0818000000000154,0.0,0.0,2024-03-01 11:11:42.434,1709291502,-0.010000000000000002
2024/03/01 11:11:43.434,88.2325,-0.0797999999999916,0.0,0.0,2024-03-01 11:11:43.434,1709291503,-0.010000000000000002
2024/03/01 11:11:44.434,88.1486,-0.0838999999999998,0.0,0.0,2024-03-01 11:11:44.434,1709291504,-0.010000000000000002
2024/03/01 11:11:45.434,88.0698,-0.078800000000001,0.0,0.0,2024-03-01 11:11:45.434,1709291505,-0.010000000000000002
2024/03/01 11:11:46.433,87.98200000000001,-0.078800000000001,0.0,0.0,2024-03-01 11:11:46.433,1709291506,-0.010000000000000002
2024/03/01 11:11:46.434,87.98200000000001,-0.0877999999999872,0.0,0.0,2024-03-01 11:11:46.434,1709291506,-0.010000000000000002
2024/03/01 11:11:47.462,87.89909999999999,-0.0877999999999872,0.0,0.0,2024-03-01 11:11:47.462,1709291507,-0.010000000000000002
2024/03/01 11:11:47.463,87.89909999999999,-0.0829000000000235,0.0,0.0,2024-03-01 11:11:47.463,1709291507,-0.010000000000000002
2024/03/01 11:11:48.525,87.81830000000001,-0.0807999999999822,0.0,0.0,2024-03-01 11:11:48.525,1709291508,-0.010000000000000002
2024/03/01 11:11:49.434,87.7375,-0.0808000000000106,0.0,0.0,2024-03-01 11:11:49.434,1709291509,-0.010000000000000002
2024/03/01 11:11:50.433,87.66680000000001,-0.0808000000000106,0.0,0.0,2024-03-01 11:11:50.433,1709291510,-0.010000000000000002
2024/03/01 11:11:50.434,87.66680000000001,-0.070699999999988,0.0,0.0,2024-03-01 11:11:50.434,1709291510,-0.010000000000000002
2024/03/01 11:11:51.434,87.5951,-0.0717000000000069,0.0,0.0,2024-03-01 11:11:51.434,1709291511,-0.010000000000000002
2024/03/01 11:11:52.433,87.50420000000001,-0.0717000000000069,0.0,0.0,2024-03-01 11:11:52.433,1709291512,-0.010000000000000002
2024/03/01 11:11:52.434,87.50420000000001,-0.0908999999999906,0.0,0.0,2024-03-01 11:11:52.434,1709291512,-0.010000000000000002
2024/03/01 11:11:53.434,87.4285,-0.0908999999999906,0.0,0.0,2024-03-01 11:11:53.434,1709291513,-0.010000000000000002
2024/03/01 11:11:53.435,87.4285,-0.0757000000000118,0.0,0.0,2024-03-01 11:11:53.435,1709291513,-0.010000000000000002
2024/03/01 11:11:54.463,87.34060000000001,-0.0757000000000118,0.0,0.0,2024-03-01 11:11:54.463,1709291514,-0.010000000000000002
2024/03/01 11:11:54.464,87.34060000000001,-0.0878999999999905,0.0,0.0,2024-03-01 11:11:54.464,1709291514,-0.010000000000000002
2024/03/01 11:11:55.483,87.26180000000001,-0.0878999999999905,0.0,0.0,2024-03-01 11:11:55.483,1709291515,-0.010000000000000002
2024/03/01 11:11:55.484,87.26180000000001,-0.078800000000001,0.0,0.0,2024-03-01 11:11:55.484,1709291515,-0.010000000000000002
2024/03/01 11:11:56.434,87.182,-0.0798000000000058,0.0,0.0,2024-03-01 11:11:56.434,1709291516,-0.010000000000000002
2024/03/01 11:11:57.434,87.1012,-0.0798000000000058,0.0,0.0,2024-03-01 11:11:57.434,1709291517,-0.010000000000000002
2024/03/01 11:11:57.435,87.1012,-0.0807999999999964,0.0,0.0,2024-03-01 11:11:57.435,1709291517,-0.010000000000000002
2024/03/01 11:11:58.434,87.0073,-0.0939000000000049,0.0,0.0,2024-03-01 11:11:58.434,1709291518,-0.010000000000000002
2024/03/01 11:11:59.434,86.94059999999999,-0.0667000000000115,0.0,0.0,2024-03-01 11:11:59.434,1709291519,-0.010000000000000002
2024/03/01 11:12:00.434,86.85170000000001,-0.0888999999999811,0.0,0.0,2024-03-01 11:12:00.434,1709291520,-0.010000000000000002
2024/03/01 11:12:01.497,86.7689,-0.0888999999999811,0.0,0.0,2024-03-01 11:12:01.497,1709291521,-0.010000000000000002
2024/03/01 11:12:01.498,86.7689,-0.0828000000000059,0.0,0.0,2024-03-01 11:12:01.498,1709291521,-0.010000000000000002
2024/03/01 11:12:02.434,86.69109999999999,-0.0778000000000105,0.0,0.0,2024-03-01 11:12:02.434,1709291522,-0.010000000000000002
2024/03/01 11:12:03.434,86.6224,-0.0686999999999926,0.0,0.0,2024-03-01 11:12:03.434,1709291523,-0.010000000000000002
2024/03/01 11:12:04.433,86.5487,-0.0686999999999926,0.0,0.0,2024-03-01 11:12:04.433,1709291524,-0.010000000000000002
2024/03/01 11:12:04.434,86.5487,-0.0737000000000023,0.0,0.0,2024-03-01 11:12:04.434,1709291524,-0.010000000000000002
2024/03/01 11:12:05.434,86.4709,-0.0777999999999963,0.0,0.0,2024-03-01 11:12:05.434,1709291525,-0.010000000000000002
2024/03/01 11:12:06.433,86.3901,-0.0777999999999963,0.0,0.0,2024-03-01 11:12:06.433,1709291526,-0.010000000000000002
2024/03/01 11:12:06.434,86.3901,-0.0807999999999964,0.0,0.0,2024-03-01 11:12:06.434,1709291526,-0.010000000000000002
2024/03/01 11:12:07.461,86.3164,-0.0737000000000023,0.0,0.0,2024-03-01 11:12:07.461,1709291527,-0.010000000000000002
2024/03/01 11:12:08.517,86.2275,-0.0737000000000023,0.0,0.0,2024-03-01 11:12:08.517,1709291528,-0.010000000000000002
2024/03/01 11:12:08.518,86.2275,-0.0888999999999953,0.0,0.0,2024-03-01 11:12:08.518,1709291528,-0.010000000000000002
2024/03/01 11:12:09.434,86.1588,-0.0687000000000068,0.0,0.0,2024-03-01 11:12:09.434,1709291529,-0.010000000000000002
2024/03/01 11:12:10.434,86.0841,-0.0746999999999928,0.0,0.0,2024-03-01 11:12:10.434,1709291530,-0.010000000000000002
2024/03/01 11:12:11.434,86.0133,-0.0708000000000055,0.0,0.0,2024-03-01 11:12:11.434,1709291531,-0.010000000000000002
2024/03/01 11:12:12.433,85.9305,-0.0708000000000055,0.0,0.0,2024-03-01 11:12:12.433,1709291532,-0.010000000000000002
2024/03/01 11:12:12.434,85.9305,-0.0828000000000059,0.0,0.0,2024-03-01 11:12:12.434,1709291532,-0.010000000000000002
2024/03/01 11:12:13.434,85.8598,-0.070699999999988,0.0,0.0,2024-03-01 11:12:13.434,1709291533,-0.010000000000000002
2024/03/01 11:12:14.461,85.775,-0.070699999999988,0.0,0.0,2024-03-01 11:12:14.461,1709291534,-0.010000000000000002
2024/03/01 11:12:14.462,85.775,-0.0848000000000013,0.0,0.0,2024-03-01 11:12:14.462,1709291534,-0.010000000000000002
2024/03/01 11:12:15.518,85.6992,-0.0848000000000013,0.0,0.0,2024-03-01 11:12:15.518,1709291535,-0.010000000000000002
2024/03/01 11:12:15.519,85.6992,-0.0758000000000009,0.0,0.0,2024-03-01 11:12:15.519,1709291535,-0.010000000000000002
2024/03/01 11:12:16.434,85.6265,-0.0758000000000009,0.0,0.0,2024-03-01 11:12:16.434,1709291536,-0.010000000000000002
2024/03/01 11:12:16.435,85.6265,-0.0727000000000117,0.0,0.0,2024-03-01 11:12:16.435,1709291536,-0.010000000000000002
2024/03/01 11:12:17.434,85.5558,-0.070699999999988,0.0,0.0,2024-03-01 11:12:17.434,1709291537,-0.010000000000000002
2024/03/01 11:12:18.434,85.46990000000001,-0.0858999999999952,0.0,0.0,2024-03-01 11:12:18.434,1709291538,-0.010000000000000002
2024/03/01 11:12:19.434,85.4012,-0.0858999999999952,0.0,0.0,2024-03-01 11:12:19.434,1709291539,-0.010000000000000002
2024/03/01 11:12:19.435,85.4012,-0.0687000000000068,0.0,0.0,2024-03-01 11:12:19.435,1709291539,-0.010000000000000002
2024/03/01 11:12:20.434,85.3194,-0.0687000000000068,0.0,0.0,2024-03-01 11:12:20.434,1709291540,-0.010000000000000002
2024/03/01 11:12:20.435,85.3194,-0.0818000000000012,0.0,0.0,2024-03-01 11:12:20.435,1709291540,-0.010000000000000002
2024/03/01 11:12:21.463,85.24170000000001,-0.077699999999993,0.0,0.0,2024-03-01 11:12:21.463,1709291541,-0.010000000000000002
2024/03/01 11:12:22.526,85.1609,-0.077699999999993,0.0,0.0,2024-03-01 11:12:22.526,1709291542,-0.010000000000000002
2024/03/01 11:12:22.527,85.1609,-0.0808000000000106,0.0,0.0,2024-03-01 11:12:22.527,1709291542,-0.010000000000000002
2024/03/01 11:12:23.434,85.0982,-0.0808000000000106,0.0,0.0,2024-03-01 11:12:23.434,1709291543,-0.010000000000000002
2024/03/01 11:12:23.435,85.0982,-0.0626999999999924,0.0,0.0,2024-03-01 11:12:23.435,1709291543,-0.010000000000000002
2024/03/01 11:12:24.434,85.01440000000001,-0.0837999999999965,0.0,0.0,2024-03-01 11:12:24.434,1709291544,-0.010000000000000002
2024/03/01 11:20:01.434,84.6639,-0.0485000000000042,0.0,0.0,2024-03-01 11:20:01.434,1709292001,-0.010000000000000002
2024/03/01 11:20:02.433,84.569,-0.0485000000000042,0.0,0.0,2024-03-01 11:20:02.433,1709292002,-0.010000000000000002
2024/03/01 11:20:02.434,84.569,-0.0948999999999955,0.0,0.0,2024-03-01 11:20:02.434,1709292002,-0.010000000000000002
2024/03/01 11:20:03.434,84.48010000000001,-0.0888999999999953,0.0,0.0,2024-03-01 11:20:03.434,1709292003,-0.010000000000000002
2024/03/01 11:20:04.434,84.37599999999999,-0.0888999999999953,0.0,0.0,2024-03-01 11:20:04.434,1709292004,-0.010000000000000002
2024/03/01 11:20:04.435,84.37599999999999,-0.1041000000000167,0.0,0.0,2024-03-01 11:20:04.435,1709292004,-0.010000000000000002
2024/03/01 11:20:05.492,84.2781,-0.0978999999999956,0.0,0.0,2024-03-01 11:20:05.492,1709292005,-0.010000000000000002
2024/03/01 11:20:06.433,84.19019999999999,-0.0978999999999956,0.0,0.0,2024-03-01 11:20:06.433,1709292006,-0.010000000000000002
2024/03/01 11:20:06.434,84.19019999999999,-0.0879000000000047,0.0,0.0,2024-03-01 11:20:06.434,1709292006,-0.010000000000000002
2024/03/01 11:20:07.433,84.0942,-0.0879000000000047,0.0,0.0,2024-03-01 11:20:07.433,1709292007,-0.010000000000000002
2024/03/01 11:20:07.434,84.0942,-0.0959999999999894,0.0,0.0,2024-03-01 11:20:07.434,1709292007,-0.010000000000000002
2024/03/01 11:20:08.433,83.9983,-0.0959999999999894,0.0,0.0,2024-03-01 11:20:08.433,1709292008,-0.010000000000000002
2024/03/01 11:20:08.434,83.9983,-0.0959000000000003,0.0,0.0,2024-03-01 11:20:08.434,1709292008,-0.010000000000000002
2024/03/01 11:20:09.433,83.9063,-0.0959000000000003,0.0,0.0,2024-03-01 11:20:09.433,1709292009,-0.010000000000000002
2024/03/01 11:20:09.434,83.9063,-0.0919999999999987,0.0,0.0,2024-03-01 11:20:09.434,1709292009,-0.010000000000000002
2024/03/01 11:20:10.433,83.81139999999999,-0.0919999999999987,0.0,0.0,2024-03-01 11:20:10.433,1709292010,-0.010000000000000002
2024/03/01 11:20:10.434,83.81139999999999,-0.0949000000000097,0.0,0.0,2024-03-01 11:20:10.434,1709292010,-0.010000000000000002
2024/03/01 11:20:11.462,83.7296,-0.0949000000000097,0.0,0.0,2024-03-01 11:20:11.462,1709292011,-0.010000000000000002
2024/03/01 11:20:11.463,83.7296,-0.081799999999987,0.0,0.0,2024-03-01 11:20:11.463,1709292011,-0.010000000000000002
2024/03/01 11:20:12.519,83.61340000000001,-0.116199999999992,0.0,0.0,2024-03-01 11:20:12.519,1709292012,-0.010000000000000002
2024/03/01 11:20:13.434,83.5346,-0.116199999999992,0.0,0.0,2024-03-01 11:20:13.434,1709292013,-0.010000000000000002
2024/03/01 11:20:13.435,83.5346,-0.0788000000000153,0.0,0.0,2024-03-01 11:20:13.435,1709292013,-0.010000000000000002
2024/03/01 11:20:14.434,83.4447,-0.0899,0.0,0.0,2024-03-01 11:20:14.434,1709292014,-0.010000000000000002
2024/03/01 11:20:15.434,83.3569,-0.0878000000000014,0.0,0.0,2024-03-01 11:20:15.434,1709292015,-0.010000000000000002
2024/03/01 11:20:16.434,83.2639,-0.0929999999999893,0.0,0.0,2024-03-01 11:20:16.434,1709292016,-0.010000000000000002
2024/03/01 11:20:17.063,83.2639,-0.0929999999999893,3.0734713935852054,0.0,2024-03-01 11:20:17.063,1709292017,0.29734713935852053
2024/03/01 11:20:17.434,83.1751,-0.0888000000000062,3.0734713935852054,0.0,2024-03-01 11:20:17.434,1709292017,0.29734713935852053
2024/03/01 11:20:18.463,83.2791,-0.0888000000000062,3.0734713935852054,0.0,2024-03-01 11:20:18.463,1709292018,0.29734713935852053
2024/03/01 11:21:56.434,100.2422,-0.1019999999999896,0.0,0.0,2024-03-01 11:21:56.434,1709292116,-0.010000000000000002
2024/03/01 11:21:57.434,100.1604,-0.0818000000000154,0.0,0.0,2024-03-01 11:21:57.434,1709292117,-0.010000000000000002
2024/03/01 11:21:58.433,100.0351,-0.0818000000000154,0.0,0.0,2024-03-01 11:21:58.433,1709292118,-0.010000000000000002
2024/03/01 11:21:58.434,100.0351,-0.1252999999999957,0.0,0.0,2024-03-01 11:21:58.434,1709292118,-0.010000000000000002
2024/03/01 11:21:59.433,99.9493,-0.1252999999999957,0.0,0.0,2024-03-01 11:21:59.433,1709292119,-0.010000000000000002
2024/03/01 11:21:59.434,99.9493,-0.0857999999999918,0.0,0.0,2024-03-01 11:21:59.434,1709292119,-0.010000000000000002
2024/03/01 11:22:00.434,99.8179,-0.1313999999999993,0.0,0.0,2024-03-01 11:22:00.434,1709292120,-0.010000000000000002
2024/03/01 11:22:01.464,99.7129,-0.1313999999999993,0.0,0.0,2024-03-01 11:22:01.464,1709292121,-0.010000000000000002
2024/03/01 11:22:01.465,99.7129,-0.1050000000000181,0.0,0.0,2024-03-01 11:22:01.465,1709292121,-0.010000000000000002
2024/03/01 11:22:02.527,99.5887,-0.1241999999999876,0.0,0.0,2024-03-01 11:22:02.527,1709292122,-0.010000000000000002
2024/03/01 11:22:03.434,99.5159,-0.0728000000000008,0.0,0.0,2024-03-01 11:22:03.434,1709292123,-0.010000000000000002
2024/03/01 11:22:04.433,99.4018,-0.0728000000000008,0.0,0.0,2024-03-01 11:22:04.433,1709292124,-0.010000000000000002
2024/03/01 11:22:04.434,99.4018,-0.1140999999999934,0.0,0.0,2024-03-01 11:22:04.434,1709292124,-0.010000000000000002
2024/03/01 11:22:05.434,99.2978,-0.1040000000000134,0.0,0.0,2024-03-01 11:22:05.434,1709292125,-0.010000000000000002
2024/03/01 11:22:06.434,99.1897,-0.1080999999999932,0.0,0.0,2024-03-01 11:22:06.434,1709292126,-0.010000000000000002
2024/03/01 11:22:07.434,99.0846,-0.1051000000000073,0.0,0.0,2024-03-01 11:22:07.434,1709292127,-0.010000000000000002
2024/03/01 11:22:08.464,98.9715,-0.1051000000000073,0.0,0.0,2024-03-01 11:22:08.464,1709292128,-0.010000000000000002
2024/03/01 11:22:08.465,98.9715,-0.1130999999999886,0.0,0.0,2024-03-01 11:22:08.465,1709292128,-0.010000000000000002
2024/03/01 11:22:09.527,98.8604,-0.1111000000000075,0.0,0.0,2024-03-01 11:22:09.527,1709292129,-0.010000000000000002
2024/03/01 11:22:10.434,98.7564,-0.1039999999999992,0.0,0.0,2024-03-01 11:22:10.434,1709292130,-0.010000000000000002
2024/03/01 11:22:11.434,98.6493,-0.1071000000000026,0.0,0.0,2024-03-01 11:22:11.434,1709292131,-0.010000000000000002
2024/03/01 11:22:12.434,98.5352,-0.1140999999999934,0.0,0.0,2024-03-01 11:22:12.434,1709292132,-0.010000000000000002
2024/03/01 11:22:13.434,98.4291,-0.1140999999999934,0.0,0.0,2024-03-01 11:22:13.434,1709292133,-0.010000000000000002
2024/03/01 11:22:13.435,98.4291,-0.106100000000012,0.0,0.0,2024-03-01 11:22:13.435,1709292133,-0.010000000000000002
2024/03/01 11:22:14.433,98.3241,-0.106100000000012,0.0,0.0,2024-03-01 11:22:14.433,1709292134,-0.010000000000000002
2024/03/01 11:22:14.434,98.3241,-0.1049999999999897,0.0,0.0,2024-03-01 11:22:14.434,1709292134,-0.010000000000000002
2024/03/01 11:22:15.463,98.221,-0.1049999999999897,0.0,0.0,2024-03-01 11:22:15.463,1709292135,-0.010000000000000002
2024/03/01 11:22:15.464,98.221,-0.1030999999999977,0.0,0.0,2024-03-01 11:22:15.464,1709292135,-0.010000000000000002
2024/03/01 11:22:16.527,98.113,-0.108000000000004,0.0,0.0,2024-03-01 11:22:16.527,1709292136,-0.010000000000000002
2024/03/01 11:22:17.434,98.0039,-0.1090999999999979,0.0,0.0,2024-03-01 11:22:17.434,1709292137,-0.010000000000000002
2024/03/01 11:22:18.433,97.913,-0.1090999999999979,0.0,0.0,2024-03-01 11:22:18.433,1709292138,-0.010000000000000002
2024/03/01 11:22:18.434,97.913,-0.0909000000000048,0.0,0.0,2024-03-01 11:22:18.434,1709292138,-0.010000000000000002
2024/03/01 11:22:19.434,97.8059,-0.0909000000000048,0.0,0.0,2024-03-01 11:22:19.434,1709292139,-0.010000000000000002
2024/03/01 11:22:19.435,97.8059,-0.1070999999999884,0.0,0.0,2024-03-01 11:22:19.435,1709292139,-0.010000000000000002
2024/03/01 11:22:20.434,97.7049,-0.1010000000000133,0.0,0.0,2024-03-01 11:22:20.434,1709292140,-0.010000000000000002
2024/03/01 11:22:21.434,97.5847,-0.1010000000000133,0.0,0.0,2024-03-01 11:22:21.434,1709292141,-0.010000000000000002
2024/03/01 11:22:21.435,97.5847,-0.1201999999999969,0.0,0.0,2024-03-01 11:22:21.435,1709292141,-0.010000000000000002
2024/03/01 11:22:22.494,97.4847,-0.0999999999999943,0.0,0.0,2024-03-01 11:22:22.494,1709292142,-0.010000000000000002
2024/03/01 11:22:23.434,97.3897,-0.0949999999999988,0.0,0.0,2024-03-01 11:22:23.434,1709292143,-0.010000000000000002
2024/03/01 11:22:24.433,97.2807,-0.0949999999999988,0.0,0.0,2024-03-01 11:22:24.433,1709292144,-0.010000000000000002
2024/03/01 11:22:24.434,97.2807,-0.1090000000000088,0.0,0.0,2024-03-01 11:22:24.434,1709292144,-0.010000000000000002
2024/03/01 11:22:25.433,97.1746,-0.1090000000000088,0.0,0.0,2024-03-01 11:22:25.433,1709292145,-0.010000000000000002
2024/03/01 11:22:25.434,97.1746,-0.1060999999999978,0.0,0.0,2024-03-01 11:22:25.434,1709292145,-0.010000000000000002
2024/03/01 11:22:26.433,97.0716,-0.1060999999999978,0.0,0.0,2024-03-01 11:22:26.433,1709292146,-0.010000000000000002
2024/03/01 11:22:26.434,97.0716,-0.1029999999999944,0.0,0.0,2024-03-01 11:22:26.434,1709292146,-0.010000000000000002
2024/03/01 11:22:27.434,96.9655,-0.1060999999999978,0.0,0.0,2024-03-01 11:22:27.434,1709292147,-0.010000000000000002
2024/03/01 11:22:28.463,96.8504,-0.1060999999999978,0.0,0.0,2024-03-01 11:22:28.463,1709292148,-0.010000000000000002
2024/03/01 11:22:28.464,96.8504,-0.1150999999999982,0.0,0.0,2024-03-01 11:22:28.464,1709292148,-0.010000000000000002
2024/03/01 11:22:29.519,96.7524,-0.0979999999999989,0.0,0.0,2024-03-01 11:22:29.519,1709292149,-0.010000000000000002
2024/03/01 11:22:30.433,96.6544,-0.0979999999999989,0.0,0.0,2024-03-01 11:22:30.433,1709292150,-0.010000000000000002
2024/03/01 11:22:31.434,96.5423,-0.1121000000000123,0.0,0.0,2024-03-01 11:22:31.434,1709292151,-0.010000000000000002
2024/03/01 11:22:32.433,96.4423,-0.1121000000000123,0.0,0.0,2024-03-01 11:22:32.433,1709292152,-0.010000000000000002
2024/03/01 11:22:32.434,96.4423,-0.0999999999999943,0.0,0.0,2024-03-01 11:22:32.434,1709292152,-0.010000000000000002
2024/03/01 11:22:33.434,96.3453,-0.0970000000000084,0.0,0.0,2024-03-01 11:22:33.434,1709292153,-0.010000000000000002
2024/03/01 11:22:34.433,96.2433,-0.0970000000000084,0.0,0.0,2024-03-01 11:22:34.433,1709292154,-0.010000000000000002
2024/03/01 11:22:34.434,96.2433,-0.1019999999999896,0.0,0.0,2024-03-01 11:22:34.434,1709292154,-0.010000000000000002
2024/03/01 11:22:35.481,96.1403,-0.1030000000000086,0.0,0.0,2024-03-01 11:22:35.481,1709292155,-0.010000000000000002
2024/03/01 11:22:36.434,96.0393,-0.100999999999999,0.0,0.0,2024-03-01 11:22:36.434,1709292156,-0.010000000000000002
2024/03/01 11:22:37.433,95.9474,-0.100999999999999,0.0,0.0,2024-03-01 11:22:37.433,1709292157,-0.010000000000000002
2024/03/01 11:22:37.434,95.9474,-0.0918999999999954,0.0,0.0,2024-03-01 11:22:37.434,1709292157,-0.010000000000000002
2024/03/01 11:22:38.434,95.8443,-0.1031000000000119,0.0,0.0,2024-03-01 11:22:38.434,1709292158,-0.010000000000000002
2024/03/01 11:22:39.434,95.7403,-0.103999999999985,0.0,0.0,2024-03-01 11:22:39.434,1709292159,-0.010000000000000002
2024/03/01 11:22:40.434,95.6312,-0.1090999999999979,0.0,0.0,2024-03-01 11:22:40.434,1709292160,-0.010000000000000002
2024/03/01 11:22:41.463,95.5322,-0.1090999999999979,0.0,0.0,2024-03-01 11:22:41.463,1709292161,-0.010000000000000002
2024/03/01 11:22:41.464,95.5322,-0.0990000000000037,0.0,0.0,2024-03-01 11:22:41.464,1709292161,-0.010000000000000002
2024/03/01 11:22:42.521,95.4272,-0.1049999999999897,0.0,0.0,2024-03-01 11:22:42.521,1709292162,-0.010000000000000002
2024/03/01 11:22:43.434,95.3332,-0.0940000000000225,0.0,0.0,2024-03-01 11:22:43.434,1709292163,-0.010000000000000002
2024/03/01 11:22:44.434,95.2343,-0.0989000000000004,0.0,0.0,2024-03-01 11:22:44.434,1709292164,-0.010000000000000002
2024/03/01 11:32:49.527,100.1856,-0.0999999999999943,0.0,0.0,2024-03-01 11:32:49.527,1709292769,-0.010000000000000002
2024/03/01 11:32:50.434,100.0917,-0.0939000000000191,0.0,0.0,2024-03-01 11:32:50.434,1709292770,-0.010000000000000002
2024/03/01 11:32:51.434,99.9917,-0.0999999999999801,0.0,0.0,2024-03-01 11:32:51.434,1709292771,-0.010000000000000002
2024/03/01 11:32:52.434,99.8887,-0.1030000000000086,0.0,0.0,2024-03-01 11:32:52.434,1709292772,-0.010000000000000002
2024/03/01 11:32:53.433,99.7907,-0.1030000000000086,0.0,0.0,2024-03-01 11:32:53.433,1709292773,-0.010000000000000002
2024/03/01 11:32:53.434,99.7907,-0.0979999999999989,0.0,0.0,2024-03-01 11:32:53.434,1709292773,-0.010000000000000002
2024/03/01 11:32:54.434,99.6856,-0.105099999999993,0.0,0.0,2024-03-01 11:32:54.434,1709292774,-0.010000000000000002
2024/03/01 11:32:55.457,99.5998,-0.0858000000000061,0.0,0.0,2024-03-01 11:32:55.457,1709292775,-0.010000000000000002
2024/03/01 11:32:56.526,99.4937,-0.1060999999999978,0.0,0.0,2024-03-01 11:32:56.526,1709292776,-0.010000000000000002
2024/03/01 11:32:57.434,99.3998,-0.0939000000000049,0.0,0.0,2024-03-01 11:32:57.434,1709292777,-0.010000000000000002
2024/03/01 11:32:58.433,99.2957,-0.0939000000000049,0.0,0.0,2024-03-01 11:32:58.433,1709292778,-0.010000000000000002
2024/03/01 11:32:58.434,99.2957,-0.1040999999999883,0.0,0.0,2024-03-01 11:32:58.434,1709292778,-0.010000000000000002
2024/03/01 11:32:59.434,99.1877,-0.1040999999999883,0.0,0.0,2024-03-01 11:32:59.434,1709292779,-0.010000000000000002
2024/03/01 11:32:59.435,99.1877,-0.108000000000004,0.0,0.0,2024-03-01 11:32:59.435,1709292779,-0.010000000000000002
2024/03/01 11:33:00.434,99.0796,-0.108000000000004,0.0,0.0,2024-03-01 11:33:00.434,1709292780,-0.010000000000000002
2024/03/01 11:33:00.435,99.0796,-0.1080999999999932,0.0,0.0,2024-03-01 11:33:00.435,1709292780,-0.010000000000000002
2024/03/01 11:33:01.434,98.9725,-0.1080999999999932,0.0,0.0,2024-03-01 11:33:01.434,1709292781,-0.010000000000000002
2024/03/01 11:33:01.435,98.9725,-0.1071000000000026,0.0,0.0,2024-03-01 11:33:01.435,1709292781,-0.010000000000000002
2024/03/01 11:33:02.463,98.8604,-0.1121000000000123,0.0,0.0,2024-03-01 11:33:02.463,1709292782,-0.010000000000000002
2024/03/01 11:33:03.525,98.7503,-0.1121000000000123,0.0,0.0,2024-03-01 11:33:03.525,1709292783,-0.010000000000000002
2024/03/01 11:33:03.526,98.7503,-0.1101000000000027,0.0,0.0,2024-03-01 11:33:03.526,1709292783,-0.010000000000000002
2024/03/01 11:33:04.434,98.6594,-0.1101000000000027,0.0,0.0,2024-03-01 11:33:04.434,1709292784,-0.010000000000000002
2024/03/01 11:33:04.435,98.6594,-0.0909000000000048,0.0,0.0,2024-03-01 11:33:04.435,1709292784,-0.010000000000000002
2024/03/01 11:33:05.434,98.5574,-0.1019999999999896,0.0,0.0,2024-03-01 11:33:05.434,1709292785,-0.010000000000000002
2024/03/01 11:33:06.434,98.4533,-0.1041000000000025,0.0,0.0,2024-03-01 11:33:06.434,1709292786,-0.010000000000000002
2024/03/01 11:33:07.433,98.3453,-0.1041000000000025,0.0,0.0,2024-03-01 11:33:07.433,1709292787,-0.010000000000000002
2024/03/01 11:33:07.434,98.3453,-0.108000000000004,0.0,0.0,2024-03-01 11:33:07.434,1709292787,-0.010000000000000002
2024/03/01 11:33:08.434,98.2362,-0.1090999999999979,0.0,0.0,2024-03-01 11:33:08.434,1709292788,-0.010000000000000002
2024/03/01 11:33:09.462,98.1422,-0.093999999999994,0.0,0.0,2024-03-01 11:33:09.462,1709292789,-0.010000000000000002
2024/03/01 11:33:10.525,98.0251,-0.1170999999999935,0.0,0.0,2024-03-01 11:33:10.525,1709292790,-0.010000000000000002
2024/03/01 11:33:11.434,97.9362,-0.1170999999999935,0.0,0.0,2024-03-01 11:33:11.434,1709292791,-0.010000000000000002
2024/03/01 11:33:11.435,97.9362,-0.0889000000000095,0.0,0.0,2024-03-01 11:33:11.435,1709292791,-0.010000000000000002
2024/03/01 11:33:12.433,97.8221,-0.0889000000000095,0.0,0.0,2024-03-01 11:33:12.433,1709292792,-0.010000000000000002
2024/03/01 11:33:12.434,97.8221,-0.1141000000000076,0.0,0.0,2024-03-01 11:33:12.434,1709292792,-0.010000000000000002
2024/03/01 11:33:13.434,97.7311,-0.0909999999999939,0.0,0.0,2024-03-01 11:33:13.434,1709292793,-0.010000000000000002
2024/03/01 11:33:14.434,97.6342,-0.0968999999999908,0.0,0.0,2024-03-01 11:33:14.434,1709292794,-0.010000000000000002
2024/03/01 11:33:15.434,97.5301,-0.1041000000000025,0.0,0.0,2024-03-01 11:33:15.434,1709292795,-0.010000000000000002
2024/03/01 11:33:16.463,97.4312,-0.0989000000000004,0.0,0.0,2024-03-01 11:33:16.463,1709292796,-0.010000000000000002
2024/03/01 11:33:17.526,97.3231,-0.0989000000000004,0.0,0.0,2024-03-01 11:33:17.526,1709292797,-0.010000000000000002
2024/03/01 11:33:17.527,97.3231,-0.1081000000000074,0.0,0.0,2024-03-01 11:33:17.527,1709292797,-0.010000000000000002
2024/03/01 11:33:18.433,97.2332,-0.1081000000000074,0.0,0.0,2024-03-01 11:33:18.433,1709292798,-0.010000000000000002
2024/03/01 11:33:18.434,97.2332,-0.0899,0.0,0.0,2024-03-01 11:33:18.434,1709292798,-0.010000000000000002
2024/03/01 11:33:19.434,97.1322,-0.1009999999999848,0.0,0.0,2024-03-01 11:33:19.434,1709292799,-0.010000000000000002
2024/03/01 11:33:20.433,97.0241,-0.1009999999999848,0.0,0.0,2024-03-01 11:33:20.433,1709292800,-0.010000000000000002
2024/03/01 11:33:20.434,97.0241,-0.1081000000000074,0.0,0.0,2024-03-01 11:33:20.434,1709292800,-0.010000000000000002
2024/03/01 11:33:21.433,96.9322,-0.1081000000000074,0.0,0.0,2024-03-01 11:33:21.433,1709292801,-0.010000000000000002
2024/03/01 11:33:21.434,96.9322,-0.0919000000000096,0.0,0.0,2024-03-01 11:33:21.434,1709292801,-0.010000000000000002
2024/03/01 11:33:22.434,96.8281,-0.1040999999999883,0.0,0.0,2024-03-01 11:33:22.434,1709292802,-0.010000000000000002
2024/03/01 11:33:23.495,96.7211,-0.1069999999999993,0.0,0.0,2024-03-01 11:33:23.495,1709292803,-0.010000000000000002
2024/03/01 11:33:24.433,96.6282,-0.1069999999999993,0.0,0.0,2024-03-01 11:33:24.433,1709292804,-0.010000000000000002
2024/03/01 11:33:24.434,96.6282,-0.0929000000000002,0.0,0.0,2024-03-01 11:33:24.434,1709292804,-0.010000000000000002
2024/03/01 11:33:25.434,96.5292,-0.0990000000000037,0.0,0.0,2024-03-01 11:33:25.434,1709292805,-0.010000000000000002
2024/03/01 11:33:26.434,96.4251,-0.1041000000000025,0.0,0.0,2024-03-01 11:33:26.434,1709292806,-0.010000000000000002
2024/03/01 11:33:27.434,96.3241,-0.100999999999999,0.0,0.0,2024-03-01 11:33:27.434,1709292807,-0.010000000000000002
2024/03/01 11:33:28.434,96.2282,-0.100999999999999,0.0,0.0,2024-03-01 11:33:28.434,1709292808,-0.010000000000000002
2024/03/01 11:33:28.435,96.2282,-0.0959000000000003,0.0,0.0,2024-03-01 11:33:28.435,1709292808,-0.010000000000000002
2024/03/01 11:33:29.464,96.1251,-0.1030999999999977,0.0,0.0,2024-03-01 11:33:29.464,1709292809,-0.010000000000000002
2024/03/01 11:33:30.525,96.0191,-0.1030999999999977,0.0,0.0,2024-03-01 11:33:30.525,1709292810,-0.010000000000000002
2024/03/01 11:33:30.526,96.0191,-0.1060000000000087,0.0,0.0,2024-03-01 11:33:30.526,1709292810,-0.010000000000000002
2024/03/01 11:33:31.434,95.9312,-0.0878999999999905,0.0,0.0,2024-03-01 11:33:31.434,1709292811,-0.010000000000000002
2024/03/01 11:33:32.434,95.8282,-0.1029999999999944,0.0,0.0,2024-03-01 11:33:32.434,1709292812,-0.010000000000000002
2024/03/01 11:33:33.434,95.7302,-0.0979999999999989,0.0,0.0,2024-03-01 11:33:33.434,1709292813,-0.010000000000000002
2024/03/01 11:33:34.434,95.6332,-0.0970000000000084,0.0,0.0,2024-03-01 11:33:34.434,1709292814,-0.010000000000000002
2024/03/01 11:33:35.434,95.5302,-0.1030000000000086,0.0,0.0,2024-03-01 11:33:35.434,1709292815,-0.010000000000000002
2024/03/01 11:42:46.434,100.1493,-0.1020000000000038,0.0,0.0,2024-03-01 11:42:46.434,1709293366,-0.010000000000000002
2024/03/01 11:42:47.433,100.022,-0.1020000000000038,0.0,0.0,2024-03-01 11:42:47.433,1709293367,-0.010000000000000002
2024/03/01 11:42:47.434,100.022,-0.1272999999999911,0.0,0.0,2024-03-01 11:42:47.434,1709293367,-0.010000000000000002
2024/03/01 11:42:48.434,99.9371,-0.0849000000000046,0.0,0.0,2024-03-01 11:42:48.434,1709293368,-0.010000000000000002
2024/03/01 11:42:49.461,99.8068,-0.1302999999999912,0.0,0.0,2024-03-01 11:42:49.461,1709293369,-0.010000000000000002
2024/03/01 11:42:50.526,99.7028,-0.1040000000000134,0.0,0.0,2024-03-01 11:42:50.526,1709293370,-0.010000000000000002
2024/03/01 11:42:51.434,99.5967,-0.1060999999999978,0.0,0.0,2024-03-01 11:42:51.434,1709293371,-0.010000000000000002
2024/03/01 11:42:52.434,99.5058,-0.1060999999999978,0.0,0.0,2024-03-01 11:42:52.434,1709293372,-0.010000000000000002
2024/03/01 11:42:52.435,99.5058,-0.0908999999999906,0.0,0.0,2024-03-01 11:42:52.435,1709293372,-0.010000000000000002
2024/03/01 11:42:53.434,99.3937,-0.112099999999998,0.0,0.0,2024-03-01 11:42:53.434,1709293373,-0.010000000000000002
2024/03/01 11:42:54.434,99.2877,-0.1060000000000087,0.0,0.0,2024-03-01 11:42:54.434,1709293374,-0.010000000000000002
2024/03/01 11:42:55.433,99.1806,-0.1060000000000087,0.0,0.0,2024-03-01 11:42:55.433,1709293375,-0.010000000000000002
2024/03/01 11:42:55.434,99.1806,-0.1071000000000026,0.0,0.0,2024-03-01 11:42:55.434,1709293375,-0.010000000000000002
2024/03/01 11:42:56.463,99.0786,-0.1019999999999896,0.0,0.0,2024-03-01 11:42:56.463,1709293376,-0.010000000000000002
2024/03/01 11:42:57.525,98.9655,-0.1019999999999896,0.0,0.0,2024-03-01 11:42:57.525,1709293377,-0.010000000000000002
2024/03/01 11:42:57.526,98.9655,-0.1131000000000028,0.0,0.0,2024-03-01 11:42:57.526,1709293377,-0.010000000000000002
2024/03/01 11:42:58.434,98.8614,-0.1131000000000028,0.0,0.0,2024-03-01 11:42:58.434,1709293378,-0.010000000000000002
2024/03/01 11:42:58.435,98.8614,-0.1041000000000025,0.0,0.0,2024-03-01 11:42:58.435,1709293378,-0.010000000000000002
2024/03/01 11:42:59.434,98.7493,-0.112099999999998,0.0,0.0,2024-03-01 11:42:59.434,1709293379,-0.010000000000000002
2024/03/01 11:43:00.434,98.6493,-0.112099999999998,0.0,0.0,2024-03-01 11:43:00.434,1709293380,-0.010000000000000002
2024/03/01 11:43:00.435,98.6493,-0.1000000000000085,0.0,0.0,2024-03-01 11:43:00.435,1709293380,-0.010000000000000002
2024/03/01 11:51:53.527,100.1573,-0.1171999999999968,0.0,0.0,2024-03-01 11:51:53.527,1709293913,-0.010000000000000002
2024/03/01 11:51:54.434,100.0705,-0.1171999999999968,0.0,0.0,2024-03-01 11:51:54.434,1709293914,-0.010000000000000002
2024/03/01 11:51:54.435,100.0705,-0.0868000000000108,0.0,0.0,2024-03-01 11:51:54.435,1709293914,-0.010000000000000002
2024/03/01 11:51:55.433,99.9614,-0.0868000000000108,0.0,0.0,2024-03-01 11:51:55.433,1709293915,-0.010000000000000002
2024/03/01 11:51:55.434,99.9614,-0.1090999999999979,0.0,0.0,2024-03-01 11:51:55.434,1709293915,-0.010000000000000002
2024/03/01 11:51:56.434,99.8422,-0.1192000000000064,0.0,0.0,2024-03-01 11:51:56.434,1709293916,-0.010000000000000002
2024/03/01 11:51:57.434,99.7483,-0.0938999999999907,0.0,0.0,2024-03-01 11:51:57.434,1709293917,-0.010000000000000002
2024/03/01 11:51:58.434,99.6462,-0.1020999999999929,0.0,0.0,2024-03-01 11:51:58.434,1709293918,-0.010000000000000002
2024/03/01 11:51:59.463,99.521,-0.1020999999999929,0.0,0.0,2024-03-01 11:51:59.463,1709293919,-0.010000000000000002
2024/03/01 11:51:59.464,99.521,-0.1252000000000066,0.0,0.0,2024-03-01 11:51:59.464,1709293919,-0.010000000000000002
2024/03/01 11:52:00.525,99.424,-0.0969999999999942,0.0,0.0,2024-03-01 11:52:00.525,1709293920,-0.010000000000000002
2024/03/01 11:52:01.434,99.323,-0.1010000000000133,0.0,0.0,2024-03-01 11:52:01.434,1709293921,-0.010000000000000002
2024/03/01 11:52:02.434,99.219,-0.103999999999985,0.0,0.0,2024-03-01 11:52:02.434,1709293922,-0.010000000000000002
2024/03/01 11:52:03.434,99.118,-0.1010000000000133,0.0,0.0,2024-03-01 11:52:03.434,1709293923,-0.010000000000000002
2024/03/01 11:52:04.434,99.018,-0.0999999999999943,0.0,0.0,2024-03-01 11:52:04.434,1709293924,-0.010000000000000002
2024/03/01 11:52:05.434,98.9008,-0.0999999999999943,0.0,0.0,2024-03-01 11:52:05.434,1709293925,-0.010000000000000002
2024/03/01 11:52:05.435,98.9008,-0.1171999999999968,0.0,0.0,2024-03-01 11:52:05.435,1709293925,-0.010000000000000002
2024/03/01 11:52:06.463,98.7917,-0.1090999999999979,0.0,0.0,2024-03-01 11:52:06.463,1709293926,-0.010000000000000002
2024/03/01 11:52:07.478,98.6816,-0.1101000000000027,0.0,0.0,2024-03-01 11:52:07.478,1709293927,-0.010000000000000002
2024/03/01 11:52:08.434,98.5836,-0.0980000000000131,0.0,0.0,2024-03-01 11:52:08.434,1709293928,-0.010000000000000002
2024/03/01 11:52:09.434,98.4735,-0.1100999999999885,0.0,0.0,2024-03-01 11:52:09.434,1709293929,-0.010000000000000002
2024/03/01 11:52:10.434,98.3715,-0.1020000000000038,0.0,0.0,2024-03-01 11:52:10.434,1709293930,-0.010000000000000002
2024/03/01 11:52:11.434,98.2614,-0.1020000000000038,0.0,0.0,2024-03-01 11:52:11.434,1709293931,-0.010000000000000002
2024/03/01 11:52:11.435,98.2614,-0.1100999999999885,0.0,0.0,2024-03-01 11:52:11.435,1709293931,-0.010000000000000002
2024/03/01 11:52:12.434,98.1645,-0.1100999999999885,0.0,0.0,2024-03-01 11:52:12.434,1709293932,-0.010000000000000002
2024/03/01 11:52:12.435,98.1645,-0.0969000000000051,0.0,0.0,2024-03-01 11:52:12.435,1709293932,-0.010000000000000002
2024/03/01 11:52:13.496,98.0463,-0.0969000000000051,0.0,0.0,2024-03-01 11:52:13.496,1709293933,-0.010000000000000002
2024/03/01 11:52:13.497,98.0463,-0.1182000000000016,0.0,0.0,2024-03-01 11:52:13.497,1709293933,-0.010000000000000002
2024/03/01 11:52:14.435,97.9645,-0.0818000000000012,0.0,0.0,2024-03-01 11:52:14.435,1709293934,-0.010000000000000002
2024/03/01 11:52:15.434,97.8392,-0.1252999999999957,0.0,0.0,2024-03-01 11:52:15.434,1709293935,-0.010000000000000002
2024/03/01 11:52:16.434,97.7443,-0.0949000000000097,0.0,0.0,2024-03-01 11:52:16.434,1709293936,-0.010000000000000002
2024/03/01 11:52:17.434,97.6473,-0.0969999999999942,0.0,0.0,2024-03-01 11:52:17.434,1709293937,-0.010000000000000002
2024/03/01 11:52:18.433,97.5453,-0.0969999999999942,0.0,0.0,2024-03-01 11:52:18.433,1709293938,-0.010000000000000002
2024/03/01 11:52:18.434,97.5453,-0.1019999999999896,0.0,0.0,2024-03-01 11:52:18.434,1709293938,-0.010000000000000002
2024/03/01 11:52:19.463,97.4312,-0.1019999999999896,0.0,0.0,2024-03-01 11:52:19.463,1709293939,-0.010000000000000002
2024/03/01 11:52:19.464,97.4312,-0.1141000000000076,0.0,0.0,2024-03-01 11:52:19.464,1709293939,-0.010000000000000002
2024/03/01 11:52:20.525,97.3261,-0.1141000000000076,0.0,0.0,2024-03-01 11:52:20.525,1709293940,-0.010000000000000002
2024/03/01 11:52:20.526,97.3261,-0.1051000000000073,0.0,0.0,2024-03-01 11:52:20.526,1709293940,-0.010000000000000002
2024/03/01 11:52:21.434,97.2281,-0.1051000000000073,0.0,0.0,2024-03-01 11:52:21.434,1709293941,-0.010000000000000002
2024/03/01 11:52:21.435,97.2281,-0.0979999999999989,0.0,0.0,2024-03-01 11:52:21.435,1709293941,-0.010000000000000002
2024/03/01 11:52:22.433,97.1302,-0.0979999999999989,0.0,0.0,2024-03-01 11:52:22.433,1709293942,-0.010000000000000002
2024/03/01 11:52:22.434,97.1302,-0.0978999999999956,0.0,0.0,2024-03-01 11:52:22.434,1709293942,-0.010000000000000002
2024/03/01 11:52:23.434,97.0281,-0.1021000000000071,0.0,0.0,2024-03-01 11:52:23.434,1709293943,-0.010000000000000002
2024/03/01 11:52:24.434,96.9362,-0.0918999999999954,0.0,0.0,2024-03-01 11:52:24.434,1709293944,-0.010000000000000002
2024/03/01 11:52:25.434,96.8342,-0.1020000000000038,0.0,0.0,2024-03-01 11:52:25.434,1709293945,-0.010000000000000002
2024/03/01 11:52:26.464,96.7342,-0.0999999999999943,0.0,0.0,2024-03-01 11:52:26.464,1709293946,-0.010000000000000002
2024/03/01 11:52:27.526,96.6372,-0.0970000000000084,0.0,0.0,2024-03-01 11:52:27.526,1709293947,-0.010000000000000002
2024/03/01 11:52:28.435,96.5443,-0.092899999999986,0.0,0.0,2024-03-01 11:52:28.435,1709293948,-0.010000000000000002
2024/03/01 11:52:29.434,96.4342,-0.1101000000000027,0.0,0.0,2024-03-01 11:52:29.434,1709293949,-0.010000000000000002
2024/03/01 11:52:30.434,96.3463,-0.0879000000000047,0.0,0.0,2024-03-01 11:52:30.434,1709293950,-0.010000000000000002
2024/03/01 11:52:31.434,96.2453,-0.100999999999999,0.0,0.0,2024-03-01 11:52:31.434,1709293951,-0.010000000000000002
2024/03/01 11:52:32.434,96.1575,-0.0878000000000014,0.0,0.0,2024-03-01 11:52:32.434,1709293952,-0.010000000000000002
2024/03/01 11:52:33.463,96.0524,-0.105099999999993,0.0,0.0,2024-03-01 11:52:33.463,1709293953,-0.010000000000000002
2024/03/01 11:52:34.525,95.9605,-0.105099999999993,0.0,0.0,2024-03-01 11:52:34.525,1709293954,-0.010000000000000002
2024/03/01 11:52:34.526,95.9605,-0.0918999999999954,0.0,0.0,2024-03-01 11:52:34.526,1709293954,-0.010000000000000002
2024/03/01 11:52:35.434,95.8645,-0.0960000000000036,0.0,0.0,2024-03-01 11:52:35.434,1709293955,-0.010000000000000002
2024/03/01 11:52:36.434,95.7746,-0.0899,0.0,0.0,2024-03-01 11:52:36.434,1709293956,-0.010000000000000002
2024/03/01 11:52:37.434,95.6757,-0.0989000000000004,0.0,0.0,2024-03-01 11:52:37.434,1709293957,-0.010000000000000002
2024/03/01 11:52:38.434,95.5848,-0.0909000000000048,0.0,0.0,2024-03-01 11:52:38.434,1709293958,-0.010000000000000002
2024/03/01 11:52:39.434,95.4817,-0.1030999999999977,0.0,0.0,2024-03-01 11:52:39.434,1709293959,-0.010000000000000002
2024/03/01 11:52:40.463,95.3868,-0.0949000000000097,0.0,0.0,2024-03-01 11:52:40.463,1709293960,-0.010000000000000002
2024/03/01 11:52:41.523,95.2928,-0.093999999999994,0.0,0.0,2024-03-01 11:52:41.523,1709293961,-0.010000000000000002
2024/03/01 11:52:42.433,95.2019,-0.093999999999994,0.0,0.0,2024-03-01 11:52:42.433,1709293962,-0.010000000000000002
2024/03/01 11:52:42.434,95.2019,-0.0909000000000048,0.0,0.0,2024-03-01 11:52:42.434,1709293962,-0.010000000000000002
2024/03/01 11:52:43.434,95.0989,-0.1029999999999944,0.0,0.0,2024-03-01 11:52:43.434,1709293963,-0.010000000000000002
2024/03/01 11:52:44.434,95.0131,-0.0857999999999918,0.0,0.0,2024-03-01 11:52:44.434,1709293964,-0.010000000000000002
2024/03/01 11:52:45.434,94.907,-0.1060999999999978,0.0,0.0,2024-03-01 11:52:45.434,1709293965,-0.010000000000000002
2024/03/01 11:52:46.434,94.8201,-0.0868999999999999,0.0,0.0,2024-03-01 11:52:46.434,1709293966,-0.010000000000000002
2024/03/01 11:52:47.447,94.7201,-0.1000000000000085,0.0,0.0,2024-03-01 11:52:47.447,1709293967,-0.010000000000000002
2024/03/01 11:52:48.434,94.6302,-0.0899,0.0,0.0,2024-03-01 11:52:48.434,1709293968,-0.010000000000000002
2024/03/01 11:52:49.435,94.5302,-0.1000000000000085,0.0,0.0,2024-03-01 11:52:49.435,1709293969,-0.010000000000000002
2024/03/01 11:52:50.434,94.4474,-0.0827999999999917,0.0,0.0,2024-03-01 11:52:50.434,1709293970,-0.010000000000000002
2024/03/01 11:52:51.434,94.3464,-0.100999999999999,0.0,0.0,2024-03-01 11:52:51.434,1709293971,-0.010000000000000002
2024/03/01 11:52:52.436,94.2515,-0.0948999999999955,0.0,0.0,2024-03-01 11:52:52.436,1709293972,-0.010000000000000002
2024/03/01 11:52:53.484,94.1525,-0.0990000000000037,0.0,0.0,2024-03-01 11:52:53.484,1709293973,-0.010000000000000002
2024/03/01 11:52:54.434,94.0717,-0.0990000000000037,0.0,0.0,2024-03-01 11:52:54.434,1709293974,-0.010000000000000002
2024/03/01 11:52:54.435,94.0717,-0.0808000000000106,0.0,0.0,2024-03-01 11:52:54.435,1709293974,-0.010000000000000002
2024/03/01 11:52:55.433,93.9727,-0.0808000000000106,0.0,0.0,2024-03-01 11:52:55.433,1709293975,-0.010000000000000002
2024/03/01 11:52:55.434,93.9727,-0.0990000000000037,0.0,0.0,2024-03-01 11:52:55.434,1709293975,-0.010000000000000002
2024/03/01 11:52:56.434,93.8777,-0.0949999999999846,0.0,0.0,2024-03-01 11:52:56.434,1709293976,-0.010000000000000002
2024/03/01 11:52:57.434,93.7838,-0.0939000000000049,0.0,0.0,2024-03-01 11:52:57.434,1709293977,-0.010000000000000002
2024/03/01 11:52:58.434,93.702,-0.0818000000000012,0.0,0.0,2024-03-01 11:52:58.434,1709293978,-0.010000000000000002
2024/03/01 11:52:59.465,93.605,-0.0969999999999942,0.0,0.0,2024-03-01 11:52:59.465,1709293979,-0.010000000000000002
2024/03/01 11:53:00.528,93.507,-0.0980000000000131,0.0,0.0,2024-03-01 11:53:00.528,1709293980,-0.010000000000000002
2024/03/01 11:53:01.434,93.4232,-0.0837999999999965,0.0,0.0,2024-03-01 11:53:01.434,1709293981,-0.010000000000000002
2024/03/01 11:53:02.434,93.3343,-0.0888999999999953,0.0,0.0,2024-03-01 11:53:02.434,1709293982,-0.010000000000000002
2024/03/01 11:53:03.434,93.2313,-0.0888999999999953,0.0,0.0,2024-03-01 11:53:03.434,1709293983,-0.010000000000000002
2024/03/01 11:53:03.435,93.2313,-0.1029999999999944,0.0,0.0,2024-03-01 11:53:03.435,1709293983,-0.010000000000000002
2024/03/01 11:53:04.435,93.1495,-0.1029999999999944,0.0,0.0,2024-03-01 11:53:04.435,1709293984,-0.010000000000000002
2024/03/01 11:53:04.436,93.1495,-0.0818000000000012,0.0,0.0,2024-03-01 11:53:04.436,1709293984,-0.010000000000000002
2024/03/01 11:53:05.434,93.0535,-0.0960000000000036,0.0,0.0,2024-03-01 11:53:05.434,1709293985,-0.010000000000000002
2024/03/01 11:53:06.467,92.9535,-0.0960000000000036,0.0,0.0,2024-03-01 11:53:06.467,1709293986,-0.010000000000000002
2024/03/01 11:53:06.468,92.9535,-0.1000000000000085,0.0,0.0,2024-03-01 11:53:06.468,1709293986,-0.010000000000000002
2024/03/01 11:53:07.525,92.8566,-0.0968999999999908,0.0,0.0,2024-03-01 11:53:07.525,1709293987,-0.010000000000000002
2024/03/01 11:53:08.435,92.7818,-0.0747999999999962,0.0,0.0,2024-03-01 11:53:08.435,1709293988,-0.010000000000000002
2024/03/01 11:53:09.434,92.6798,-0.1020000000000038,0.0,0.0,2024-03-01 11:53:09.434,1709293989,-0.010000000000000002
2024/03/01 11:53:10.434,92.5899,-0.1020000000000038,0.0,0.0,2024-03-01 11:53:10.434,1709293990,-0.010000000000000002
2024/03/01 11:53:10.435,92.5899,-0.0899,0.0,0.0,2024-03-01 11:53:10.435,1709293990,-0.010000000000000002
2024/03/01 11:53:11.433,92.495,-0.0899,0.0,0.0,2024-03-01 11:53:11.433,1709293991,-0.010000000000000002
2024/03/01 11:53:11.434,92.495,-0.0949000000000097,0.0,0.0,2024-03-01 11:53:11.434,1709293991,-0.010000000000000002
2024/03/01 11:53:12.434,92.4091,-0.0858999999999952,0.0,0.0,2024-03-01 11:53:12.434,1709293992,-0.010000000000000002
2024/03/01 11:53:13.463,92.3152,-0.0938999999999907,0.0,0.0,2024-03-01 11:53:13.463,1709293993,-0.010000000000000002
2024/03/01 11:53:14.527,92.2212,-0.0938999999999907,0.0,0.0,2024-03-01 11:53:14.527,1709293994,-0.010000000000000002
2024/03/01 11:53:14.528,92.2212,-0.093999999999994,0.0,0.0,2024-03-01 11:53:14.528,1709293994,-0.010000000000000002
2024/03/01 11:53:15.435,92.1364,-0.0848000000000155,0.0,0.0,2024-03-01 11:53:15.435,1709293995,-0.010000000000000002
2024/03/01 11:53:16.434,92.0485,-0.0878999999999905,0.0,0.0,2024-03-01 11:53:16.434,1709293996,-0.010000000000000002
2024/03/01 11:53:17.434,91.9546,-0.0878999999999905,0.0,0.0,2024-03-01 11:53:17.434,1709293997,-0.010000000000000002
2024/03/01 11:53:17.435,91.9546,-0.0939000000000049,0.0,0.0,2024-03-01 11:53:17.435,1709293997,-0.010000000000000002
2024/03/01 11:53:18.434,91.8697,-0.0848999999999904,0.0,0.0,2024-03-01 11:53:18.434,1709293998,-0.010000000000000002
2024/03/01 11:53:19.434,91.7768,-0.0929000000000144,0.0,0.0,2024-03-01 11:53:19.434,1709293999,-0.010000000000000002
2024/03/01 11:53:20.464,91.6829,-0.0938999999999907,0.0,0.0,2024-03-01 11:53:20.464,1709294000,-0.010000000000000002
2024/03/01 11:53:21.526,91.5859,-0.0938999999999907,0.0,0.0,2024-03-01 11:53:21.526,1709294001,-0.010000000000000002
2024/03/01 11:53:21.527,91.5859,-0.0970000000000084,0.0,0.0,2024-03-01 11:53:21.527,1709294001,-0.010000000000000002
2024/03/01 11:53:22.434,91.5041,-0.081799999999987,0.0,0.0,2024-03-01 11:53:22.434,1709294002,-0.010000000000000002
2024/03/01 11:53:23.434,91.4122,-0.0919000000000096,0.0,0.0,2024-03-01 11:53:23.434,1709294003,-0.010000000000000002
2024/03/01 11:53:24.434,91.3213,-0.0919000000000096,0.0,0.0,2024-03-01 11:53:24.434,1709294004,-0.010000000000000002
2024/03/01 11:53:24.435,91.3213,-0.0909000000000048,0.0,0.0,2024-03-01 11:53:24.435,1709294004,-0.010000000000000002
2024/03/01 11:53:25.434,91.2253,-0.0959999999999894,0.0,0.0,2024-03-01 11:53:25.434,1709294005,-0.010000000000000002
2024/03/01 11:53:26.434,91.1425,-0.0828000000000059,0.0,0.0,2024-03-01 11:53:26.434,1709294006,-0.010000000000000002
2024/03/01 11:53:27.461,91.0506,-0.0918999999999954,0.0,0.0,2024-03-01 11:53:27.461,1709294007,-0.010000000000000002
2024/03/01 11:53:28.514,90.9556,-0.0949999999999988,0.0,0.0,2024-03-01 11:53:28.514,1709294008,-0.010000000000000002
2024/03/01 11:53:29.434,90.8718,-0.0837999999999965,0.0,0.0,2024-03-01 11:53:29.434,1709294009,-0.010000000000000002
2024/03/01 11:53:30.433,90.7859,-0.0837999999999965,0.0,0.0,2024-03-01 11:53:30.433,1709294010,-0.010000000000000002
2024/03/01 11:53:30.434,90.7859,-0.0858999999999952,0.0,0.0,2024-03-01 11:53:30.434,1709294010,-0.010000000000000002
2024/03/01 11:53:31.433,90.6991,-0.0858999999999952,0.0,0.0,2024-03-01 11:53:31.433,1709294011,-0.010000000000000002
2024/03/01 11:53:31.434,90.6991,-0.0868000000000108,0.0,0.0,2024-03-01 11:53:31.434,1709294011,-0.010000000000000002
2024/03/01 11:53:32.434,90.6172,-0.0819000000000045,0.0,0.0,2024-03-01 11:53:32.434,1709294012,-0.010000000000000002
2024/03/01 11:53:33.434,90.5354,-0.081799999999987,0.0,0.0,2024-03-01 11:53:33.434,1709294013,-0.010000000000000002
2024/03/01 11:53:34.463,90.4486,-0.0867999999999966,0.0,0.0,2024-03-01 11:53:34.463,1709294014,-0.010000000000000002
2024/03/01 11:53:35.526,90.3587,-0.0867999999999966,0.0,0.0,2024-03-01 11:53:35.526,1709294015,-0.010000000000000002
2024/03/01 11:53:35.527,90.3587,-0.0899000000000143,0.0,0.0,2024-03-01 11:53:35.527,1709294015,-0.010000000000000002
2024/03/01 11:53:36.434,90.288,-0.0707000000000022,0.0,0.0,2024-03-01 11:53:36.434,1709294016,-0.010000000000000002
2024/03/01 11:53:37.434,90.195,-0.0929999999999893,0.0,0.0,2024-03-01 11:53:37.434,1709294017,-0.010000000000000002
2024/03/01 11:53:38.434,90.1173,-0.0777000000000072,0.0,0.0,2024-03-01 11:53:38.434,1709294018,-0.010000000000000002
2024/03/01 11:53:39.433,90.0375,-0.0777000000000072,0.0,0.0,2024-03-01 11:53:39.433,1709294019,-0.010000000000000002
2024/03/01 11:53:39.434,90.0375,-0.0798000000000058,0.0,0.0,2024-03-01 11:53:39.434,1709294019,-0.010000000000000002
2024/03/01 11:53:40.434,89.9567,-0.0798000000000058,0.0,0.0,2024-03-01 11:53:40.434,1709294020,-0.010000000000000002
2024/03/01 11:53:40.435,89.9567,-0.0807999999999964,0.0,0.0,2024-03-01 11:53:40.435,1709294020,-0.010000000000000002
2024/03/01 12:13:40.434,100.0826,-0.1080999999999932,0.0,0.0,2024-03-01 12:13:40.434,1709295220,-0.010000000000000002
2024/03/01 12:13:41.434,99.9624,-0.1201999999999969,0.0,0.0,2024-03-01 12:13:41.434,1709295221,-0.010000000000000002
2024/03/01 12:13:42.464,99.8533,-0.1091000000000121,0.0,0.0,2024-03-01 12:13:42.464,1709295222,-0.010000000000000002
2024/03/01 12:13:43.525,99.7351,-0.1091000000000121,0.0,0.0,2024-03-01 12:13:43.525,1709295223,-0.010000000000000002
2024/03/01 12:13:43.526,99.7351,-0.1181999999999874,0.0,0.0,2024-03-01 12:13:43.526,1709295223,-0.010000000000000002
2024/03/01 12:13:44.434,99.6169,-0.1182000000000016,0.0,0.0,2024-03-01 12:13:44.434,1709295224,-0.010000000000000002
2024/03/01 12:13:45.433,99.518,-0.1182000000000016,0.0,0.0,2024-03-01 12:13:45.433,1709295225,-0.010000000000000002
2024/03/01 12:13:45.434,99.518,-0.0989000000000004,0.0,0.0,2024-03-01 12:13:45.434,1709295225,-0.010000000000000002
2024/03/01 12:13:46.433,99.4069,-0.0989000000000004,0.0,0.0,2024-03-01 12:13:46.433,1709295226,-0.010000000000000002
2024/03/01 12:13:46.434,99.4069,-0.1111000000000075,0.0,0.0,2024-03-01 12:13:46.434,1709295226,-0.010000000000000002
2024/03/01 12:13:47.434,99.2917,-0.1151999999999873,0.0,0.0,2024-03-01 12:13:47.434,1709295227,-0.010000000000000002
2024/03/01 12:13:48.434,99.1786,-0.1151999999999873,0.0,0.0,2024-03-01 12:13:48.434,1709295228,-0.010000000000000002
2024/03/01 12:13:48.435,99.1786,-0.113100000000017,0.0,0.0,2024-03-01 12:13:48.435,1709295228,-0.010000000000000002
2024/03/01 12:13:49.464,99.0604,-0.1181999999999874,0.0,0.0,2024-03-01 12:13:49.464,1709295229,-0.010000000000000002
2024/03/01 12:13:50.526,98.9372,-0.1181999999999874,0.0,0.0,2024-03-01 12:13:50.526,1709295230,-0.010000000000000002
2024/03/01 12:13:50.527,98.9372,-0.123199999999997,0.0,0.0,2024-03-01 12:13:50.527,1709295230,-0.010000000000000002
2024/03/01 12:13:51.434,98.8331,-0.1041000000000025,0.0,0.0,2024-03-01 12:13:51.434,1709295231,-0.010000000000000002
2024/03/01 12:13:52.434,98.721,-0.112099999999998,0.0,0.0,2024-03-01 12:13:52.434,1709295232,-0.010000000000000002
2024/03/01 12:13:53.433,98.6069,-0.112099999999998,0.0,0.0,2024-03-01 12:13:53.433,1709295233,-0.010000000000000002
2024/03/01 12:13:53.434,98.6069,-0.1141000000000076,0.0,0.0,2024-03-01 12:13:53.434,1709295233,-0.010000000000000002
2024/03/01 12:13:54.434,98.4988,-0.1080999999999932,0.0,0.0,2024-03-01 12:13:54.434,1709295234,-0.010000000000000002
2024/03/01 12:13:55.434,98.3837,-0.1150999999999982,0.0,0.0,2024-03-01 12:13:55.434,1709295235,-0.010000000000000002
2024/03/01 12:13:56.464,98.2776,-0.1150999999999982,0.0,0.0,2024-03-01 12:13:56.464,1709295236,-0.010000000000000002
2024/03/01 12:13:56.465,98.2776,-0.106100000000012,0.0,0.0,2024-03-01 12:13:56.465,1709295236,-0.010000000000000002
2024/03/01 12:13:57.526,98.1483,-0.1293000000000006,0.0,0.0,2024-03-01 12:13:57.526,1709295237,-0.010000000000000002
2024/03/01 12:13:58.434,98.0473,-0.1009999999999848,0.0,0.0,2024-03-01 12:13:58.434,1709295238,-0.010000000000000002
2024/03/01 12:13:59.434,97.9342,-0.1009999999999848,0.0,0.0,2024-03-01 12:13:59.434,1709295239,-0.010000000000000002
2024/03/01 12:13:59.435,97.9342,-0.1131000000000028,0.0,0.0,2024-03-01 12:13:59.435,1709295239,-0.010000000000000002
2024/03/01 12:14:00.433,97.8342,-0.1131000000000028,0.0,0.0,2024-03-01 12:14:00.433,1709295240,-0.010000000000000002
2024/03/01 12:14:00.434,97.8342,-0.1000000000000085,0.0,0.0,2024-03-01 12:14:00.434,1709295240,-0.010000000000000002
2024/03/01 12:14:01.434,97.7281,-0.1060999999999978,0.0,0.0,2024-03-01 12:14:01.434,1709295241,-0.010000000000000002
2024/03/01 12:14:02.433,97.615,-0.1060999999999978,0.0,0.0,2024-03-01 12:14:02.433,1709295242,-0.010000000000000002
2024/03/01 12:14:02.434,97.615,-0.1131000000000028,0.0,0.0,2024-03-01 12:14:02.434,1709295242,-0.010000000000000002
2024/03/01 12:14:03.462,97.5069,-0.1131000000000028,0.0,0.0,2024-03-01 12:14:03.462,1709295243,-0.010000000000000002
2024/03/01 12:14:03.463,97.5069,-0.1080999999999932,0.0,0.0,2024-03-01 12:14:03.463,1709295243,-0.010000000000000002
2024/03/01 12:14:04.523,97.3908,-0.1080999999999932,0.0,0.0,2024-03-01 12:14:04.523,1709295244,-0.010000000000000002
2024/03/01 12:14:04.524,97.3908,-0.1161000000000029,0.0,0.0,2024-03-01 12:14:04.524,1709295244,-0.010000000000000002
2024/03/01 12:14:05.435,97.2857,-0.105099999999993,0.0,0.0,2024-03-01 12:14:05.435,1709295245,-0.010000000000000002
2024/03/01 12:14:06.433,97.1827,-0.105099999999993,0.0,0.0,2024-03-01 12:14:06.433,1709295246,-0.010000000000000002
2024/03/01 12:14:06.434,97.1827,-0.1030000000000086,0.0,0.0,2024-03-01 12:14:06.434,1709295246,-0.010000000000000002
2024/03/01 12:14:07.434,97.0655,-0.1171999999999968,0.0,0.0,2024-03-01 12:14:07.434,1709295247,-0.010000000000000002
2024/03/01 12:14:08.434,96.9514,-0.1141000000000076,0.0,0.0,2024-03-01 12:14:08.434,1709295248,-0.010000000000000002
2024/03/01 12:14:09.434,96.8463,-0.105099999999993,0.0,0.0,2024-03-01 12:14:09.434,1709295249,-0.010000000000000002
2024/03/01 12:14:10.463,96.7352,-0.105099999999993,0.0,0.0,2024-03-01 12:14:10.463,1709295250,-0.010000000000000002
2024/03/01 12:14:10.464,96.7352,-0.1111000000000075,0.0,0.0,2024-03-01 12:14:10.464,1709295250,-0.010000000000000002
2024/03/01 12:14:11.525,96.6181,-0.1111000000000075,0.0,0.0,2024-03-01 12:14:11.525,1709295251,-0.010000000000000002
2024/03/01 12:14:11.526,96.6181,-0.1170999999999935,0.0,0.0,2024-03-01 12:14:11.526,1709295251,-0.010000000000000002
2024/03/01 12:14:12.434,96.512,-0.1170999999999935,0.0,0.0,2024-03-01 12:14:12.434,1709295252,-0.010000000000000002
2024/03/01 12:14:12.435,96.512,-0.1060999999999978,0.0,0.0,2024-03-01 12:14:12.435,1709295252,-0.010000000000000002
2024/03/01 12:14:13.434,96.4059,-0.1060999999999978,0.0,0.0,2024-03-01 12:14:13.434,1709295253,-0.010000000000000002
2024/03/01 12:14:13.435,96.4059,-0.1060999999999978,0.0,0.0,2024-03-01 12:14:13.435,1709295253,-0.010000000000000002
2024/03/01 12:14:14.434,96.2928,-0.1131000000000028,0.0,0.0,2024-03-01 12:14:14.434,1709295254,-0.010000000000000002
2024/03/01 12:14:15.434,96.1908,-0.1020000000000038,0.0,0.0,2024-03-01 12:14:15.434,1709295255,-0.010000000000000002
2024/03/01 12:14:16.434,96.0797,-0.1110999999999933,0.0,0.0,2024-03-01 12:14:16.434,1709295256,-0.010000000000000002
2024/03/01 12:14:17.462,95.9625,-0.117200000000011,0.0,0.0,2024-03-01 12:14:17.462,1709295257,-0.010000000000000002
2024/03/01 12:14:18.525,95.8514,-0.1110999999999791,0.0,0.0,2024-03-01 12:14:18.525,1709295258,-0.010000000000000002
2024/03/01 12:14:19.434,95.7494,-0.1020000000000038,0.0,0.0,2024-03-01 12:14:19.434,1709295259,-0.010000000000000002
2024/03/01 12:14:20.434,95.6454,-0.1040000000000134,0.0,0.0,2024-03-01 12:14:20.434,1709295260,-0.010000000000000002
2024/03/01 12:14:21.434,95.5332,-0.1121999999999872,0.0,0.0,2024-03-01 12:14:21.434,1709295261,-0.010000000000000002
2024/03/01 12:14:22.434,95.4343,-0.0989000000000004,0.0,0.0,2024-03-01 12:14:22.434,1709295262,-0.010000000000000002
2024/03/01 12:14:23.434,95.3353,-0.0990000000000037,0.0,0.0,2024-03-01 12:14:23.434,1709295263,-0.010000000000000002
2024/03/01 12:14:24.463,95.2201,-0.0990000000000037,0.0,0.0,2024-03-01 12:14:24.463,1709295264,-0.010000000000000002
2024/03/01 12:14:24.464,95.2201,-0.1152000000000015,0.0,0.0,2024-03-01 12:14:24.464,1709295264,-0.010000000000000002
2024/03/01 12:14:25.525,95.1141,-0.1152000000000015,0.0,0.0,2024-03-01 12:14:25.525,1709295265,-0.010000000000000002
2024/03/01 12:14:25.526,95.1141,-0.1060000000000087,0.0,0.0,2024-03-01 12:14:25.526,1709295265,-0.010000000000000002
2024/03/01 12:14:26.434,95.0171,-0.1060000000000087,0.0,0.0,2024-03-01 12:14:26.434,1709295266,-0.010000000000000002
2024/03/01 12:14:26.435,95.0171,-0.0969999999999942,0.0,0.0,2024-03-01 12:14:26.435,1709295266,-0.010000000000000002
2024/03/01 12:14:27.434,94.9171,-0.0999999999999943,0.0,0.0,2024-03-01 12:14:27.434,1709295267,-0.010000000000000002
2024/03/01 12:14:28.135,94.9171,-0.0999999999999943,3.169963569641113,0.0,2024-03-01 12:14:28.135,1709295268,0.3069963569641113
2024/03/01 12:14:28.434,94.805,-0.112099999999998,3.169963569641113,0.0,2024-03-01 12:14:28.434,1709295268,0.3069963569641113
2024/03/01 12:15:03.434,100.0886,-0.1071000000000026,0.0,0.0,2024-03-01 12:15:03.434,1709295303,-0.010000000000000002
2024/03/01 12:15:04.434,99.9826,-0.1059999999999945,0.0,0.0,2024-03-01 12:15:04.434,1709295304,-0.010000000000000002
2024/03/01 12:15:05.462,99.8624,-0.1201999999999969,0.0,0.0,2024-03-01 12:15:05.462,1709295305,-0.010000000000000002
2024/03/01 12:15:06.515,99.7735,-0.1201999999999969,0.0,0.0,2024-03-01 12:15:06.515,1709295306,-0.010000000000000002
2024/03/01 12:15:06.516,99.7735,-0.0889000000000095,0.0,0.0,2024-03-01 12:15:06.516,1709295306,-0.010000000000000002
2024/03/01 12:15:07.434,99.6685,-0.0889000000000095,0.0,0.0,2024-03-01 12:15:07.434,1709295307,-0.010000000000000002
2024/03/01 12:15:07.435,99.6685,-0.1050000000000039,0.0,0.0,2024-03-01 12:15:07.435,1709295307,-0.010000000000000002
2024/03/01 12:15:08.434,99.5553,-0.1050000000000039,0.0,0.0,2024-03-01 12:15:08.434,1709295308,-0.010000000000000002
2024/03/01 12:15:08.435,99.5553,-0.1131999999999919,0.0,0.0,2024-03-01 12:15:08.435,1709295308,-0.010000000000000002
2024/03/01 12:15:09.434,99.4483,-0.1069999999999993,0.0,0.0,2024-03-01 12:15:09.434,1709295309,-0.010000000000000002
2024/03/01 12:15:10.433,99.3483,-0.1069999999999993,0.0,0.0,2024-03-01 12:15:10.433,1709295310,-0.010000000000000002
2024/03/01 12:15:10.434,99.3483,-0.0999999999999943,0.0,0.0,2024-03-01 12:15:10.434,1709295310,-0.010000000000000002
2024/03/01 12:15:11.434,99.2422,-0.1060999999999978,0.0,0.0,2024-03-01 12:15:11.434,1709295311,-0.010000000000000002
2024/03/01 12:15:12.465,99.1321,-0.1101000000000027,0.0,0.0,2024-03-01 12:15:12.465,1709295312,-0.010000000000000002
2024/03/01 12:15:13.527,99.0139,-0.1101000000000027,0.0,0.0,2024-03-01 12:15:13.527,1709295313,-0.010000000000000002
2024/03/01 12:15:13.528,99.0139,-0.1182000000000016,0.0,0.0,2024-03-01 12:15:13.528,1709295313,-0.010000000000000002
2024/03/01 12:15:14.434,98.9079,-0.1182000000000016,0.0,0.0,2024-03-01 12:15:14.434,1709295314,-0.010000000000000002
2024/03/01 12:15:14.435,98.9079,-0.1060000000000087,0.0,0.0,2024-03-01 12:15:14.435,1709295314,-0.010000000000000002
2024/03/01 12:15:15.434,98.8028,-0.105099999999993,0.0,0.0,2024-03-01 12:15:15.434,1709295315,-0.010000000000000002
2024/03/01 12:15:16.434,98.6998,-0.105099999999993,0.0,0.0,2024-03-01 12:15:16.434,1709295316,-0.010000000000000002
2024/03/01 12:15:16.435,98.6998,-0.1029999999999944,0.0,0.0,2024-03-01 12:15:16.435,1709295316,-0.010000000000000002
2024/03/01 12:15:17.434,98.5897,-0.1101000000000027,0.0,0.0,2024-03-01 12:15:17.434,1709295317,-0.010000000000000002
2024/03/01 12:15:18.434,98.4887,-0.100999999999999,0.0,0.0,2024-03-01 12:15:18.434,1709295318,-0.010000000000000002
2024/03/01 12:15:19.463,98.3806,-0.1081000000000074,0.0,0.0,2024-03-01 12:15:19.463,1709295319,-0.010000000000000002
2024/03/01 12:15:20.525,98.2685,-0.112099999999998,0.0,0.0,2024-03-01 12:15:20.525,1709295320,-0.010000000000000002
2024/03/01 12:15:21.434,98.1635,-0.1050000000000039,0.0,0.0,2024-03-01 12:15:21.434,1709295321,-0.010000000000000002
2024/03/01 12:15:22.434,98.0635,-0.0999999999999943,0.0,0.0,2024-03-01 12:15:22.434,1709295322,-0.010000000000000002
2024/03/01 12:24:52.435,100.0361,-0.1263000000000005,0.0,0.0,2024-03-01 12:24:52.435,1709295892,-0.010000000000000002
2024/03/01 12:24:53.434,99.921,-0.1151000000000124,0.0,0.0,2024-03-01 12:24:53.434,1709295893,-0.010000000000000002
2024/03/01 12:24:54.434,99.8028,-0.1181999999999874,0.0,0.0,2024-03-01 12:24:54.434,1709295894,-0.010000000000000002
2024/03/01 12:24:55.434,99.6927,-0.1101000000000027,0.0,0.0,2024-03-01 12:24:55.434,1709295895,-0.010000000000000002
2024/03/01 12:24:56.434,99.5806,-0.112099999999998,0.0,0.0,2024-03-01 12:24:56.434,1709295896,-0.010000000000000002
2024/03/01 12:24:57.464,99.4897,-0.0909000000000048,0.0,0.0,2024-03-01 12:24:57.464,1709295897,-0.010000000000000002
2024/03/01 12:24:58.526,99.3735,-0.0909000000000048,0.0,0.0,2024-03-01 12:24:58.526,1709295898,-0.010000000000000002
2024/03/01 12:24:58.527,99.3735,-0.116199999999992,0.0,0.0,2024-03-01 12:24:58.527,1709295898,-0.010000000000000002
2024/03/01 12:24:59.434,99.2755,-0.0979999999999989,0.0,0.0,2024-03-01 12:24:59.434,1709295899,-0.010000000000000002
2024/03/01 12:25:00.433,99.1675,-0.0979999999999989,0.0,0.0,2024-03-01 12:25:00.433,1709295900,-0.010000000000000002
2024/03/01 12:25:00.434,99.1675,-0.1080000000000183,0.0,0.0,2024-03-01 12:25:00.434,1709295900,-0.010000000000000002
2024/03/01 12:25:01.434,99.0665,-0.1009999999999848,0.0,0.0,2024-03-01 12:25:01.434,1709295901,-0.010000000000000002
2024/03/01 12:25:02.434,98.9553,-0.1112000000000108,0.0,0.0,2024-03-01 12:25:02.434,1709295902,-0.010000000000000002
2024/03/01 12:25:03.433,98.8513,-0.1112000000000108,0.0,0.0,2024-03-01 12:25:03.433,1709295903,-0.010000000000000002
2024/03/01 12:25:03.434,98.8513,-0.103999999999985,0.0,0.0,2024-03-01 12:25:03.434,1709295903,-0.010000000000000002
2024/03/01 12:25:04.462,98.7422,-0.1090999999999979,0.0,0.0,2024-03-01 12:25:04.462,1709295904,-0.010000000000000002
2024/03/01 12:25:05.526,98.6422,-0.1000000000000085,0.0,0.0,2024-03-01 12:25:05.526,1709295905,-0.010000000000000002
2024/03/01 12:25:06.434,98.5422,-0.1000000000000085,0.0,0.0,2024-03-01 12:25:06.434,1709295906,-0.010000000000000002
2024/03/01 12:25:07.434,98.4412,-0.100999999999999,0.0,0.0,2024-03-01 12:25:07.434,1709295907,-0.010000000000000002
2024/03/01 12:25:08.433,98.3342,-0.100999999999999,0.0,0.0,2024-03-01 12:25:08.433,1709295908,-0.010000000000000002
2024/03/01 12:25:08.434,98.3342,-0.1069999999999993,0.0,0.0,2024-03-01 12:25:08.434,1709295908,-0.010000000000000002
2024/03/01 12:25:09.434,98.2332,-0.100999999999999,0.0,0.0,2024-03-01 12:25:09.434,1709295909,-0.010000000000000002
2024/03/01 12:25:10.434,98.1271,-0.1060999999999978,0.0,0.0,2024-03-01 12:25:10.434,1709295910,-0.010000000000000002
2024/03/01 12:25:11.497,98.021,-0.1060999999999978,0.0,0.0,2024-03-01 12:25:11.497,1709295911,-0.010000000000000002
2024/03/01 12:25:12.434,97.9281,-0.1060999999999978,0.0,0.0,2024-03-01 12:25:12.434,1709295912,-0.010000000000000002
2024/03/01 12:25:12.435,97.9281,-0.0929000000000002,0.0,0.0,2024-03-01 12:25:12.435,1709295912,-0.010000000000000002
2024/03/01 12:25:13.434,97.8332,-0.0948999999999955,0.0,0.0,2024-03-01 12:25:13.434,1709295913,-0.010000000000000002
2024/03/01 12:25:14.434,97.717,-0.1162000000000063,0.0,0.0,2024-03-01 12:25:14.434,1709295914,-0.010000000000000002
2024/03/01 12:25:15.433,97.6241,-0.1162000000000063,0.0,0.0,2024-03-01 12:25:15.433,1709295915,-0.010000000000000002
2024/03/01 12:25:15.434,97.6241,-0.092899999999986,0.0,0.0,2024-03-01 12:25:15.434,1709295915,-0.010000000000000002
2024/03/01 12:25:16.434,97.52,-0.1041000000000167,0.0,0.0,2024-03-01 12:25:16.434,1709295916,-0.010000000000000002
2024/03/01 12:25:17.464,97.414,-0.1059999999999945,0.0,0.0,2024-03-01 12:25:17.464,1709295917,-0.010000000000000002
2024/03/01 12:25:18.526,97.318,-0.1059999999999945,0.0,0.0,2024-03-01 12:25:18.526,1709295918,-0.010000000000000002
2024/03/01 12:25:18.527,97.318,-0.0960000000000036,0.0,0.0,2024-03-01 12:25:18.527,1709295918,-0.010000000000000002
2024/03/01 12:25:19.434,97.2231,-0.0948999999999955,0.0,0.0,2024-03-01 12:25:19.434,1709295919,-0.010000000000000002
2024/03/01 12:25:20.434,97.1211,-0.1020000000000038,0.0,0.0,2024-03-01 12:25:20.434,1709295920,-0.010000000000000002
2024/03/01 12:25:21.434,97.0271,-0.093999999999994,0.0,0.0,2024-03-01 12:25:21.434,1709295921,-0.010000000000000002
2024/03/01 12:25:22.433,96.914,-0.093999999999994,0.0,0.0,2024-03-01 12:25:22.433,1709295922,-0.010000000000000002
2024/03/01 12:25:22.434,96.914,-0.1131000000000028,0.0,0.0,2024-03-01 12:25:22.434,1709295922,-0.010000000000000002
2024/03/01 12:25:23.434,96.816,-0.0979999999999989,0.0,0.0,2024-03-01 12:25:23.434,1709295923,-0.010000000000000002
2024/03/01 12:25:24.464,96.7059,-0.1101000000000027,0.0,0.0,2024-03-01 12:25:24.464,1709295924,-0.010000000000000002
2024/03/01 12:25:25.527,96.608,-0.0978999999999956,0.0,0.0,2024-03-01 12:25:25.527,1709295925,-0.010000000000000002
2024/03/01 12:25:26.433,96.511,-0.0978999999999956,0.0,0.0,2024-03-01 12:25:26.433,1709295926,-0.010000000000000002
2024/03/01 12:25:26.434,96.511,-0.0969999999999942,0.0,0.0,2024-03-01 12:25:26.434,1709295926,-0.010000000000000002
2024/03/01 12:25:27.434,96.408,-0.1030000000000086,0.0,0.0,2024-03-01 12:25:27.434,1709295927,-0.010000000000000002
2024/03/01 12:25:28.434,96.309,-0.0990000000000037,0.0,0.0,2024-03-01 12:25:28.434,1709295928,-0.010000000000000002
2024/03/01 12:25:29.434,96.2181,-0.0990000000000037,0.0,0.0,2024-03-01 12:25:29.434,1709295929,-0.010000000000000002
2024/03/01 12:25:29.435,96.2181,-0.0908999999999906,0.0,0.0,2024-03-01 12:25:29.435,1709295929,-0.010000000000000002
2024/03/01 12:25:30.434,96.1211,-0.0908999999999906,0.0,0.0,2024-03-01 12:25:30.434,1709295930,-0.010000000000000002
2024/03/01 12:25:30.435,96.1211,-0.0970000000000084,0.0,0.0,2024-03-01 12:25:30.435,1709295930,-0.010000000000000002
2024/03/01 12:25:31.495,96.0272,-0.0939000000000049,0.0,0.0,2024-03-01 12:25:31.495,1709295931,-0.010000000000000002
2024/03/01 12:25:32.434,95.9413,-0.0939000000000049,0.0,0.0,2024-03-01 12:25:32.434,1709295932,-0.010000000000000002
2024/03/01 12:25:32.435,95.9413,-0.0858999999999952,0.0,0.0,2024-03-01 12:25:32.435,1709295932,-0.010000000000000002
2024/03/01 12:25:33.434,95.8504,-0.0858999999999952,0.0,0.0,2024-03-01 12:25:33.434,1709295933,-0.010000000000000002
2024/03/01 12:25:33.435,95.8504,-0.0908999999999906,0.0,0.0,2024-03-01 12:25:33.435,1709295933,-0.010000000000000002
2024/03/01 12:25:34.434,95.7575,-0.0929000000000144,0.0,0.0,2024-03-01 12:25:34.434,1709295934,-0.010000000000000002
2024/03/01 12:25:35.434,95.6676,-0.0899,0.0,0.0,2024-03-01 12:25:35.434,1709295935,-0.010000000000000002
2024/03/01 12:25:36.433,95.5706,-0.0899,0.0,0.0,2024-03-01 12:25:36.433,1709295936,-0.010000000000000002
2024/03/01 12:25:36.434,95.5706,-0.0969999999999942,0.0,0.0,2024-03-01 12:25:36.434,1709295936,-0.010000000000000002
2024/03/01 12:25:37.453,95.4848,-0.0858000000000061,0.0,0.0,2024-03-01 12:25:37.453,1709295937,-0.010000000000000002
2024/03/01 12:25:38.526,95.3827,-0.0858000000000061,0.0,0.0,2024-03-01 12:25:38.526,1709295938,-0.010000000000000002
2024/03/01 12:25:38.527,95.3827,-0.1020999999999929,0.0,0.0,2024-03-01 12:25:38.527,1709295938,-0.010000000000000002
2024/03/01 12:25:39.434,95.2989,-0.0838000000000107,0.0,0.0,2024-03-01 12:25:39.434,1709295939,-0.010000000000000002
2024/03/01 12:25:40.434,95.206,-0.092899999999986,0.0,0.0,2024-03-01 12:25:40.434,1709295940,-0.010000000000000002
2024/03/01 12:25:41.434,95.1191,-0.0868999999999999,0.0,0.0,2024-03-01 12:25:41.434,1709295941,-0.010000000000000002
2024/03/01 12:25:42.434,95.0221,-0.0970000000000084,0.0,0.0,2024-03-01 12:25:42.434,1709295942,-0.010000000000000002
2024/03/01 12:25:43.433,94.9373,-0.0970000000000084,0.0,0.0,2024-03-01 12:25:43.433,1709295943,-0.010000000000000002
2024/03/01 12:25:43.434,94.9373,-0.0847999999999871,0.0,0.0,2024-03-01 12:25:43.434,1709295943,-0.010000000000000002
2024/03/01 12:25:44.463,94.8424,-0.0949000000000097,0.0,0.0,2024-03-01 12:25:44.463,1709295944,-0.010000000000000002
2024/03/01 12:25:45.525,94.7535,-0.0888999999999953,0.0,0.0,2024-03-01 12:25:45.525,1709295945,-0.010000000000000002
2024/03/01 12:25:46.434,94.6575,-0.0888999999999953,0.0,0.0,2024-03-01 12:25:46.434,1709295946,-0.010000000000000002
2024/03/01 12:25:46.435,94.6575,-0.0960000000000036,0.0,0.0,2024-03-01 12:25:46.435,1709295946,-0.010000000000000002
2024/03/01 12:25:47.433,94.5737,-0.0960000000000036,0.0,0.0,2024-03-01 12:25:47.433,1709295947,-0.010000000000000002
2024/03/01 12:25:47.434,94.5737,-0.0837999999999965,0.0,0.0,2024-03-01 12:25:47.434,1709295947,-0.010000000000000002
2024/03/01 12:25:48.434,94.4787,-0.0949999999999988,0.0,0.0,2024-03-01 12:25:48.434,1709295948,-0.010000000000000002
2024/03/01 12:25:49.434,94.3959,-0.0827999999999917,0.0,0.0,2024-03-01 12:25:49.434,1709295949,-0.010000000000000002
2024/03/01 12:25:50.434,94.2989,-0.0970000000000084,0.0,0.0,2024-03-01 12:25:50.434,1709295950,-0.010000000000000002
2024/03/01 12:25:51.464,94.209,-0.0970000000000084,0.0,0.0,2024-03-01 12:25:51.464,1709295951,-0.010000000000000002
2024/03/01 12:25:51.465,94.209,-0.0899,0.0,0.0,2024-03-01 12:25:51.465,1709295951,-0.010000000000000002
2024/03/01 12:25:52.527,94.1121,-0.0968999999999908,0.0,0.0,2024-03-01 12:25:52.527,1709295952,-0.010000000000000002
2024/03/01 12:25:53.434,94.0383,-0.0738000000000056,0.0,0.0,2024-03-01 12:25:53.434,1709295953,-0.010000000000000002
2024/03/01 12:25:54.434,93.9394,-0.0989000000000146,0.0,0.0,2024-03-01 12:25:54.434,1709295954,-0.010000000000000002
2024/03/01 12:25:55.434,93.8555,-0.0838999999999998,0.0,0.0,2024-03-01 12:25:55.434,1709295955,-0.010000000000000002
2024/03/01 12:25:56.434,93.7626,-0.092899999999986,0.0,0.0,2024-03-01 12:25:56.434,1709295956,-0.010000000000000002
2024/03/01 12:25:57.434,93.6697,-0.0929000000000144,0.0,0.0,2024-03-01 12:25:57.434,1709295957,-0.010000000000000002
2024/03/01 12:25:58.462,93.5828,-0.0929000000000144,0.0,0.0,2024-03-01 12:25:58.462,1709295958,-0.010000000000000002
2024/03/01 12:25:58.463,93.5828,-0.0868999999999999,0.0,0.0,2024-03-01 12:25:58.463,1709295958,-0.010000000000000002
2024/03/01 12:25:59.525,93.4879,-0.0948999999999955,0.0,0.0,2024-03-01 12:25:59.525,1709295959,-0.010000000000000002
2024/03/01 12:26:00.434,93.407,-0.0808999999999855,0.0,0.0,2024-03-01 12:26:00.434,1709295960,-0.010000000000000002
2024/03/01 12:52:08.526,89.5072,-0.0879000000000047,0.0,0.0,2024-03-01 12:52:08.526,1709297528,-0.010000000000000002
2024/03/01 12:52:09.434,89.42840000000001,-0.0879000000000047,0.0,0.0,2024-03-01 12:52:09.434,1709297529,-0.010000000000000002
2024/03/01 12:52:09.435,89.42840000000001,-0.0787999999999868,0.0,0.0,2024-03-01 12:52:09.435,1709297529,-0.010000000000000002
2024/03/01 12:52:10.434,89.34250000000002,-0.0858999999999952,0.0,0.0,2024-03-01 12:52:10.434,1709297530,-0.010000000000000002
