Timestamp,BMHDCCT:CURRENT,BMLDCCT:CURRENT,B2_VXD:Rad:Res:BPAtDCU3:A1:DoseRate
2024/05/14 01:59:59.219,957.2053,N/A,N/A
2024/05/14 01:59:59.434,N/A,1192.7347750000001,N/A
2024/05/14 01:59:59.935,N/A,N/A,15.656383309316343
2024/05/14 02:00:04.301,959.5636000000001,N/A,N/A
2024/05/14 02:00:04.517,N/A,1196.1831750000001,N/A
2024/05/14 02:00:04.935,N/A,N/A,16.613730389639656
2024/05/14 02:00:09.219,958.3456,N/A,N/A
2024/05/14 02:00:09.434,N/A,1199.475975,N/A
2024/05/14 02:00:09.935,N/A,N/A,14.600159803369335
2024/05/14 02:00:14.219,958.7751,N/A,N/A
2024/05/14 02:00:14.434,N/A,1192.8590750000003,N/A
2024/05/14 02:00:14.935,N/A,N/A,15.314657358075186
2024/05/14 02:00:19.219,959.7189999999999,N/A,N/A
2024/05/14 02:00:19.434,N/A,1188.7137750000002,N/A
2024/05/14 02:00:19.935,N/A,N/A,13.987822910073142
2024/05/14 02:00:24.247,957.5048999999999,N/A,N/A
2024/05/14 02:00:24.463,N/A,1193.6610750000002,N/A
2024/05/14 02:00:24.935,N/A,N/A,15.5372445053724
2024/05/14 02:00:29.219,960.0441999999999,N/A,N/A
2024/05/14 02:00:29.434,N/A,1197.555875,N/A
2024/05/14 02:00:29.935,N/A,N/A,15.341236372673299
2024/05/14 02:00:34.219,958.0255,N/A,N/A
2024/05/14 02:00:34.433,N/A,1199.064875,N/A
2024/05/14 02:00:34.935,N/A,N/A,13.060682340137408
2024/05/14 02:00:39.219,958.6103999999999,N/A,N/A
2024/05/14 02:00:39.434,N/A,1188.875375,N/A
2024/05/14 02:00:39.935,N/A,N/A,15.349955117239388
2024/05/14 02:00:44.248,959.5196,N/A,N/A
2024/05/14 02:00:44.463,N/A,1190.402575,N/A
2024/05/14 02:00:44.935,N/A,N/A,13.99629922045534
2024/05/14 02:00:49.219,957.3198,N/A,N/A
2024/05/14 02:00:49.434,N/A,1195.122575,N/A
2024/05/14 02:00:49.935,N/A,N/A,15.725393477882369
2024/05/14 02:00:54.219,959.7916,N/A,N/A
2024/05/14 02:00:54.434,N/A,1199.854775,N/A
2024/05/14 02:00:54.935,N/A,N/A,16.636443027230136
2024/05/14 02:00:59.311,958.7015,N/A,N/A
2024/05/14 02:00:59.526,N/A,1193.3479750000001,N/A
2024/05/14 02:00:59.935,N/A,N/A,13.009768392841266
2024/05/14 02:01:04.219,958.2771,N/A,N/A
2024/05/14 02:01:04.434,N/A,1189.763175,N/A
2024/05/14 02:01:04.935,N/A,N/A,16.60206288533134
2024/05/14 02:01:09.219,960.0452,N/A,N/A
2024/05/14 02:01:09.434,N/A,1194.466075,N/A
2024/05/14 02:01:09.935,N/A,N/A,14.53075417889212
2024/05/14 02:01:14.221,957.8444999999999,N/A,N/A
2024/05/14 02:01:14.436,N/A,1198.686175,N/A
2024/05/14 02:01:14.935,N/A,N/A,14.33774920074303
2024/05/14 02:01:19.249,959.4286000000001,N/A,N/A
2024/05/14 02:01:19.464,N/A,1194.9539750000001,N/A
2024/05/14 02:01:19.935,N/A,N/A,15.416420018343072
2024/05/14 02:01:24.219,959.2588000000001,N/A,N/A
2024/05/14 02:01:24.433,N/A,1188.210775,N/A
2024/05/14 02:01:24.935,N/A,N/A,14.063850127228275
2024/05/14 02:01:29.219,957.8813,N/A,N/A
2024/05/14 02:01:29.434,N/A,1193.5761750000001,N/A
2024/05/14 02:01:29.935,N/A,N/A,16.57925894219996
2024/05/14 02:01:34.219,959.8499,N/A,N/A
2024/05/14 02:01:34.434,N/A,1197.9194750000001,N/A
2024/05/14 02:01:34.935,N/A,N/A,14.530922631143058
2024/05/14 02:01:39.220,957.7044,N/A,N/A
2024/05/14 02:01:39.461,N/A,1200.4002750000002,N/A
2024/05/14 02:01:39.935,N/A,N/A,14.207794189951986
2024/05/14 02:01:44.219,959.2813,N/A,N/A
2024/05/14 02:01:44.434,N/A,1190.9267750000001,N/A
2024/05/14 02:01:44.935,N/A,N/A,15.373070673180276
2024/05/14 02:01:49.219,959.2762,N/A,N/A
2024/05/14 02:01:49.434,N/A,1189.3904750000002,N/A
2024/05/14 02:01:49.935,N/A,N/A,14.245528028527328
2024/05/14 02:01:54.219,957.913,N/A,N/A
2024/05/14 02:01:54.434,N/A,1194.112575,N/A
2024/05/14 02:01:54.935,N/A,N/A,16.660926572303918
2024/05/14 02:01:59.245,959.7712,N/A,N/A
2024/05/14 02:01:59.461,N/A,1198.9376750000001,N/A
2024/05/14 02:01:59.935,N/A,N/A,14.397742532863457
2024/05/14 02:02:04.219,957.6062000000001,N/A,N/A
2024/05/14 02:02:04.434,N/A,1194.942875,N/A
2024/05/14 02:02:04.935,N/A,N/A,13.007753703898683
2024/05/14 02:02:09.219,959.1893,N/A,N/A
2024/05/14 02:02:09.434,N/A,1187.734975,N/A
2024/05/14 02:02:09.935,N/A,N/A,16.806562556810803
2024/05/14 02:02:14.312,959.1146,N/A,N/A
2024/05/14 02:02:14.528,N/A,1191.455075,N/A
2024/05/14 02:02:14.935,N/A,N/A,14.421499116372605
2024/05/14 02:02:19.219,957.732,N/A,N/A
2024/05/14 02:02:19.434,N/A,1195.675175,N/A
2024/05/14 02:02:19.935,N/A,N/A,16.987338702125278
2024/05/14 02:02:24.219,960.4615,N/A,N/A
2024/05/14 02:02:24.434,N/A,1200.5264750000001,N/A
2024/05/14 02:02:24.935,N/A,N/A,14.948170294950351
2024/05/14 02:02:29.219,958.4559999999999,N/A,N/A
2024/05/14 02:02:29.434,N/A,1191.064175,N/A
2024/05/14 02:02:29.935,N/A,N/A,13.070418407926361
2024/05/14 02:02:34.248,958.0521,N/A,N/A
2024/05/14 02:02:34.463,N/A,1189.7207750000002,N/A
2024/05/14 02:02:34.935,N/A,N/A,16.60960275353571
2024/05/14 02:02:39.219,959.8908,N/A,N/A
2024/05/14 02:02:39.434,N/A,1194.149975,N/A
2024/05/14 02:02:39.935,N/A,N/A,14.440034491120745
2024/05/14 02:02:44.219,957.69,N/A,N/A
2024/05/14 02:02:44.434,N/A,1198.491175,N/A
2024/05/14 02:02:44.935,N/A,N/A,14.479450705869947
2024/05/14 02:02:49.310,959.2138,N/A,N/A
2024/05/14 02:02:49.525,N/A,1196.959975,N/A
2024/05/14 02:02:49.935,N/A,N/A,15.455170486855538
2024/05/14 02:02:54.220,959.0971999999999,N/A,N/A
2024/05/14 02:02:54.435,N/A,1187.1834750000003,N/A
2024/05/14 02:02:54.935,N/A,N/A,13.688504821153888
2024/05/14 02:02:59.219,957.7586,N/A,N/A
2024/05/14 02:02:59.434,N/A,1192.068175,N/A
2024/05/14 02:02:59.935,N/A,N/A,16.713591453962177
2024/05/14 02:03:04.219,960.396,N/A,N/A
2024/05/14 02:03:04.434,N/A,1196.3488750000001,N/A
2024/05/14 02:03:04.935,N/A,N/A,15.645081747413046
2024/05/14 02:03:09.304,958.3374,N/A,N/A
2024/05/14 02:03:09.519,N/A,1200.614375,N/A
2024/05/14 02:03:09.935,N/A,N/A,14.167843973706105
2024/05/14 02:03:14.220,958.817,N/A,N/A
2024/05/14 02:03:14.435,N/A,1191.4328750000002,N/A
2024/05/14 02:03:14.935,N/A,N/A,15.288744043209242
2024/05/14 02:03:19.219,959.6454,N/A,N/A
2024/05/14 02:03:19.434,N/A,1190.0843750000001,N/A
2024/05/14 02:03:19.935,N/A,N/A,14.256789635138773
2024/05/14 02:03:24.219,957.4507,N/A,N/A
2024/05/14 02:03:24.435,N/A,1194.262075,N/A
2024/05/14 02:03:24.935,N/A,N/A,16.02665532658742
2024/05/14 02:03:29.304,960.0912999999999,N/A,N/A
2024/05/14 02:03:29.519,N/A,1198.2861750000002,N/A
2024/05/14 02:03:29.935,N/A,N/A,15.42074394649868
2024/05/14 02:03:34.219,958.1738,N/A,N/A
2024/05/14 02:03:34.434,N/A,1194.570075,N/A
2024/05/14 02:03:34.935,N/A,N/A,12.982615684999942
2024/05/14 02:03:39.220,958.8824999999999,N/A,N/A
2024/05/14 02:03:39.434,N/A,1187.604675,N/A
2024/05/14 02:03:39.935,N/A,N/A,16.38568181773932
2024/05/14 02:03:44.219,959.7763,N/A,N/A
2024/05/14 02:03:44.435,N/A,1192.368175,N/A
2024/05/14 02:03:44.935,N/A,N/A,14.093051923252146
2024/05/14 02:03:49.221,957.5438,N/A,N/A
2024/05/14 02:03:49.463,N/A,1196.6983750000002,N/A
2024/05/14 02:03:49.935,N/A,N/A,15.706459908824357
2024/05/14 02:03:54.220,960.1536,N/A,N/A
2024/05/14 02:03:54.434,N/A,1200.1396750000001,N/A
2024/05/14 02:03:54.935,N/A,N/A,15.321252417832872
2024/05/14 02:03:59.219,958.0654000000001,N/A,N/A
2024/05/14 02:03:59.434,N/A,1190.9772750000002,N/A
2024/05/14 02:03:59.935,N/A,N/A,12.8950632342859
2024/05/14 02:04:04.219,958.6299,N/A,N/A
2024/05/14 02:04:04.434,N/A,1189.2530750000003,N/A
2024/05/14 02:04:04.935,N/A,N/A,16.831973676542034
2024/05/14 02:04:09.265,959.4858,N/A,N/A
2024/05/14 02:04:09.482,N/A,1194.1246750000003,N/A
2024/05/14 02:04:09.935,N/A,N/A,14.24213719833592
2024/05/14 02:04:14.219,957.2595,N/A,N/A
2024/05/14 02:04:14.434,N/A,1197.7709750000001,N/A
2024/05/14 02:04:14.935,N/A,N/A,16.48976585725782
2024/05/14 02:04:19.219,959.9113,N/A,N/A
2024/05/14 02:04:19.434,N/A,1196.7235750000002,N/A
2024/05/14 02:04:19.935,N/A,N/A,15.393114972722254
2024/05/14 02:04:24.219,958.8353999999999,N/A,N/A
2024/05/14 02:04:24.434,N/A,1186.991575,N/A
2024/05/14 02:04:24.935,N/A,N/A,13.509344655783583
2024/05/14 02:04:29.278,958.454,N/A,N/A
2024/05/14 02:04:29.494,N/A,1192.1439750000002,N/A
2024/05/14 02:04:29.935,N/A,N/A,16.57062446138662
2024/05/14 02:04:34.219,959.3642,N/A,N/A
2024/05/14 02:04:34.434,N/A,1196.448875,N/A
2024/05/14 02:04:34.935,N/A,N/A,14.397068382459015
2024/05/14 02:04:39.219,957.1378,N/A,N/A
2024/05/14 02:04:39.433,N/A,1200.107275,N/A
2024/05/14 02:04:39.935,N/A,N/A,15.40095845348412
2024/05/14 02:04:44.219,959.7476,N/A,N/A
2024/05/14 02:04:44.434,N/A,1190.788375,N/A
2024/05/14 02:04:44.935,N/A,N/A,15.336967241864034
2024/05/14 02:04:49.285,958.6851,N/A,N/A
2024/05/14 02:04:49.500,N/A,1189.758175,N/A
2024/05/14 02:04:49.935,N/A,N/A,14.08733846023627
2024/05/14 02:04:54.219,958.2781,N/A,N/A
2024/05/14 02:04:54.434,N/A,1193.789375,N/A
2024/05/14 02:04:54.935,N/A,N/A,16.617951469404588
2024/05/14 02:04:59.219,960.1158,N/A,N/A
2024/05/14 02:04:59.433,N/A,1197.916475,N/A
2024/05/14 02:04:59.935,N/A,N/A,14.206446688048608
2024/05/14 02:05:04.219,957.8752000000001,N/A,N/A
2024/05/14 02:05:04.435,N/A,1197.0982750000003,N/A
2024/05/14 02:05:04.935,N/A,N/A,12.963971030854623
2024/05/14 02:05:09.248,959.4346999999999,N/A,N/A
2024/05/14 02:05:09.463,N/A,1187.256175,N/A
2024/05/14 02:05:09.935,N/A,N/A,15.972571863061635
2024/05/14 02:05:14.219,959.3272999999999,N/A,N/A
2024/05/14 02:05:14.434,N/A,1191.8721750000002,N/A
2024/05/14 02:05:14.935,N/A,N/A,14.26970138286902
2024/05/14 02:05:19.219,957.8731,N/A,N/A
2024/05/14 02:05:19.433,N/A,1195.697375,N/A
2024/05/14 02:05:19.935,N/A,N/A,16.798593949296365
2024/05/14 02:05:24.311,960.5177,N/A,N/A
2024/05/14 02:05:24.527,N/A,1199.608375,N/A
2024/05/14 02:05:24.935,N/A,N/A,15.512087923968483
2024/05/14 02:05:29.219,958.547,N/A,N/A
2024/05/14 02:05:29.434,N/A,1193.1347750000002,N/A
2024/05/14 02:05:29.935,N/A,N/A,13.029806832507209
2024/05/14 02:05:34.219,958.14,N/A,N/A
2024/05/14 02:05:34.434,N/A,1188.937975,N/A
2024/05/14 02:05:34.935,N/A,N/A,16.784351262922016
2024/05/14 02:05:39.219,959.9655,N/A,N/A
2024/05/14 02:05:39.434,N/A,1192.0843750000001,N/A
2024/05/14 02:05:39.935,N/A,N/A,14.317231241437838
2024/05/14 02:05:44.258,957.7637,N/A,N/A
2024/05/14 02:05:44.527,N/A,1195.802375,N/A
2024/05/14 02:05:44.935,N/A,N/A,14.33173367053928
2024/05/14 02:05:49.219,959.3181000000001,N/A,N/A
2024/05/14 02:05:49.434,N/A,1199.4073750000002,N/A
2024/05/14 02:05:49.935,N/A,N/A,16.944122086976115
2024/05/14 02:05:54.219,959.0931,N/A,N/A
2024/05/14 02:05:54.434,N/A,1192.817675,N/A
2024/05/14 02:05:54.935,N/A,N/A,12.91244886727321
2024/05/14 02:05:59.219,957.7299,N/A,N/A
2024/05/14 02:05:59.434,N/A,1188.224875,N/A
2024/05/14 02:05:59.935,N/A,N/A,16.655850814121816
2024/05/14 02:06:04.311,960.3734999999999,N/A,N/A
2024/05/14 02:06:04.526,N/A,1192.633775,N/A
2024/05/14 02:06:04.935,N/A,N/A,15.513933310810831
2024/05/14 02:06:09.219,958.408,N/A,N/A
2024/05/14 02:06:09.433,N/A,1196.881175,N/A
2024/05/14 02:06:09.935,N/A,N/A,14.161405933533045
2024/05/14 02:06:14.219,959.0461,N/A,N/A
2024/05/14 02:06:14.434,N/A,1200.627475,N/A
2024/05/14 02:06:14.935,N/A,N/A,16.625231857111824
2024/05/14 02:06:19.219,958.9316,N/A,N/A
2024/05/14 02:06:19.434,N/A,1191.3540750000002,N/A
2024/05/14 02:06:19.935,N/A,N/A,12.82257057003633
2024/05/14 02:06:24.248,957.5468999999999,N/A,N/A
2024/05/14 02:06:24.463,N/A,1189.886475,N/A
2024/05/14 02:06:24.935,N/A,N/A,16.64648843237861
2024/05/14 02:06:29.219,960.3275,N/A,N/A
2024/05/14 02:06:29.434,N/A,1194.3135750000001,N/A
2024/05/14 02:06:29.935,N/A,N/A,15.326067046937197
2024/05/14 02:06:34.219,958.3312999999999,N/A,N/A
2024/05/14 02:06:34.434,N/A,1198.818475,N/A
2024/05/14 02:06:34.935,N/A,N/A,14.35680773454133
2024/05/14 02:06:39.219,959.0318,N/A,N/A
2024/05/14 02:06:39.434,N/A,1195.6468750000001,N/A
2024/05/14 02:06:39.935,N/A,N/A,15.294855206902344
2024/05/14 02:06:44.280,958.9960000000001,N/A,N/A
2024/05/14 02:06:44.495,N/A,1188.7369750000003,N/A
2024/05/14 02:06:44.935,N/A,N/A,14.223752026005544
2024/05/14 02:06:49.219,957.6205,N/A,N/A
2024/05/14 02:06:49.434,N/A,1193.9004750000001,N/A
2024/05/14 02:06:49.935,N/A,N/A,16.73873428950237
2024/05/14 02:06:54.219,960.4727,N/A,N/A
2024/05/14 02:06:54.434,N/A,1198.093275,N/A
2024/05/14 02:06:54.935,N/A,N/A,15.236542203757336
2024/05/14 02:06:59.219,958.4160999999999,N/A,N/A
2024/05/14 02:06:59.434,N/A,1199.442675,N/A
2024/05/14 02:06:59.935,N/A,N/A,13.091469612792586
2024/05/14 02:07:04.247,959.1494,N/A,N/A
2024/05/14 02:07:04.462,N/A,1189.0985750000002,N/A
2024/05/14 02:07:04.935,N/A,N/A,15.524123359023015
2024/05/14 02:07:09.219,959.0696,N/A,N/A
2024/05/14 02:07:09.434,N/A,1190.300575,N/A
2024/05/14 02:07:09.935,N/A,N/A,14.243738393555395
2024/05/14 02:07:14.219,957.6563,N/A,N/A
2024/05/14 02:07:14.434,N/A,1194.714575,N/A
2024/05/14 02:07:14.935,N/A,N/A,16.6084474395284
2024/05/14 02:07:19.256,960.4451,N/A,N/A
2024/05/14 02:07:19.486,N/A,1198.865975,N/A
2024/05/14 02:07:19.935,N/A,N/A,15.557986185424982
2024/05/14 02:07:24.219,958.4172000000001,N/A,N/A
2024/05/14 02:07:24.434,N/A,1194.8034750000002,N/A
2024/05/14 02:07:24.935,N/A,N/A,13.101206372040966
2024/05/14 02:07:29.219,959.0808999999999,N/A,N/A
2024/05/14 02:07:29.434,N/A,1187.472375,N/A
2024/05/14 02:07:29.935,N/A,N/A,16.996553682671216
2024/05/14 02:07:34.220,959.0645,N/A,N/A
2024/05/14 02:07:34.435,N/A,1192.062075,N/A
2024/05/14 02:07:34.935,N/A,N/A,14.347948542096578
2024/05/14 02:07:39.310,957.7074,N/A,N/A
2024/05/14 02:07:39.525,N/A,1196.0649750000002,N/A
2024/05/14 02:07:39.935,N/A,N/A,16.425251732032095
2024/05/14 02:07:44.220,960.4778,N/A,N/A
2024/05/14 02:07:44.435,N/A,1200.1830750000001,N/A
2024/05/14 02:07:44.935,N/A,N/A,15.163239799160305
2024/05/14 02:07:49.219,958.457,N/A,N/A
2024/05/14 02:07:49.434,N/A,1190.728875,N/A
2024/05/14 02:07:49.935,N/A,N/A,12.84155726570507
2024/05/14 02:07:54.220,958.1073,N/A,N/A
2024/05/14 02:07:54.435,N/A,1189.5571750000001,N/A
2024/05/14 02:07:54.935,N/A,N/A,16.620825478989133
2024/05/14 02:07:59.247,960.0412,N/A,N/A
2024/05/14 02:07:59.463,N/A,1193.122675,N/A
2024/05/14 02:07:59.935,N/A,N/A,14.5150375588794
2024/05/14 02:08:04.220,957.8353000000001,N/A,N/A
2024/05/14 02:08:04.435,N/A,1196.580175,N/A
2024/05/14 02:08:04.935,N/A,N/A,14.900922731844103
2024/05/14 02:08:09.219,959.3426999999999,N/A,N/A
2024/05/14 02:08:09.434,N/A,1200.423475,N/A
2024/05/14 02:08:09.935,N/A,N/A,16.516275690428053
2024/05/14 02:08:14.220,959.2036,N/A,N/A
2024/05/14 02:08:14.435,N/A,1191.4186750000001,N/A
2024/05/14 02:08:14.935,N/A,N/A,12.88464717572661
2024/05/14 02:08:19.249,957.8107,N/A,N/A
2024/05/14 02:08:19.464,N/A,1190.499575,N/A
2024/05/14 02:08:19.935,N/A,N/A,16.638166210153358
2024/05/14 02:08:24.220,960.4685999999999,N/A,N/A
2024/05/14 02:08:24.435,N/A,1195.765075,N/A
2024/05/14 02:08:24.935,N/A,N/A,15.218267972830999
2024/05/14 02:08:29.219,958.3814,N/A,N/A
2024/05/14 02:08:29.434,N/A,1200.5608750000001,N/A
2024/05/14 02:08:29.935,N/A,N/A,13.896632456452902
2024/05/14 02:08:34.219,958.9592,N/A,N/A
2024/05/14 02:08:34.435,N/A,1191.4328750000002,N/A
2024/05/14 02:08:34.935,N/A,N/A,15.40368303697039
2024/05/14 02:08:39.239,958.9479,N/A,N/A
2024/05/14 02:08:39.455,N/A,1190.6166750000002,N/A
2024/05/14 02:08:39.935,N/A,N/A,14.24624103210084
2024/05/14 02:08:44.220,957.6164,N/A,N/A
2024/05/14 02:08:44.435,N/A,1194.676175,N/A
2024/05/14 02:08:44.935,N/A,N/A,16.969751556350626
2024/05/14 02:08:49.219,960.3019,N/A,N/A
2024/05/14 02:08:49.434,N/A,1198.133675,N/A
2024/05/14 02:08:49.935,N/A,N/A,15.630203034284685
2024/05/14 02:08:54.219,958.2402,N/A,N/A
2024/05/14 02:08:54.436,N/A,1196.877075,N/A
2024/05/14 02:08:54.935,N/A,N/A,13.114519176024633
2024/05/14 02:08:59.247,958.951,N/A,N/A
2024/05/14 02:08:59.462,N/A,1186.8107750000001,N/A
2024/05/14 02:08:59.935,N/A,N/A,16.250673651651802
2024/05/14 02:09:04.219,958.9449,N/A,N/A
2024/05/14 02:09:04.434,N/A,1191.413675,N/A
2024/05/14 02:09:04.935,N/A,N/A,14.338633914824253
2024/05/14 02:09:09.219,957.5377,N/A,N/A
2024/05/14 02:09:09.434,N/A,1195.715575,N/A
2024/05/14 02:09:09.935,N/A,N/A,16.87307191737766
2024/05/14 02:09:14.310,960.2477,N/A,N/A
2024/05/14 02:09:14.525,N/A,1198.958875,N/A
2024/05/14 02:09:14.935,N/A,N/A,15.712480811894075
2024/05/14 02:09:19.220,958.2207999999999,N/A,N/A
2024/05/14 02:09:19.435,N/A,1195.0054750000002,N/A
2024/05/14 02:09:19.935,N/A,N/A,12.999396662661093
2024/05/14 02:09:24.219,958.7874,N/A,N/A
2024/05/14 02:09:24.434,N/A,1188.0359750000002,N/A
2024/05/14 02:09:24.935,N/A,N/A,16.592258969904567
2024/05/14 02:09:29.219,959.6505000000001,N/A,N/A
2024/05/14 02:09:29.434,N/A,1193.412575,N/A
2024/05/14 02:09:29.935,N/A,N/A,14.273405924904903
2024/05/14 02:09:34.310,957.4436000000001,N/A,N/A
2024/05/14 02:09:34.525,N/A,1197.8124750000002,N/A
2024/05/14 02:09:34.935,N/A,N/A,16.05664986572826
2024/05/14 02:09:39.219,960.0083999999999,N/A,N/A
2024/05/14 02:09:39.434,N/A,1197.2578750000002,N/A
2024/05/14 02:09:39.935,N/A,N/A,13.997715881336449
2024/05/14 02:09:44.219,957.9437,N/A,N/A
2024/05/14 02:09:44.434,N/A,1187.313775,N/A
2024/05/14 02:09:44.935,N/A,N/A,13.467745836375403
2024/05/14 02:09:49.219,959.4970999999999,N/A,N/A
2024/05/14 02:09:49.434,N/A,1192.484275,N/A
2024/05/14 02:09:49.935,N/A,N/A,16.592735868975804
2024/05/14 02:09:54.248,959.3181000000001,N/A,N/A
2024/05/14 02:09:54.463,N/A,1196.390275,N/A
2024/05/14 02:09:54.935,N/A,N/A,14.476800790621988
2024/05/14 02:09:59.220,957.9488,N/A,N/A
2024/05/14 02:09:59.434,N/A,1200.4648750000001,N/A
2024/05/14 02:09:59.935,N/A,N/A,16.52480679384433
2024/05/14 02:10:04.219,959.7937,N/A,N/A
2024/05/14 02:10:04.434,N/A,1190.9742750000003,N/A
2024/05/14 02:10:04.935,N/A,N/A,13.002467055931781
2024/05/14 02:10:09.311,957.6031,N/A,N/A
2024/05/14 02:10:09.527,N/A,1188.9924750000002,N/A
2024/05/14 02:10:09.935,N/A,N/A,14.693752332904884
2024/05/14 02:10:14.219,959.3038,N/A,N/A
2024/05/14 02:10:14.434,N/A,1192.904475,N/A
2024/05/14 02:10:14.935,N/A,N/A,16.662061668158312
2024/05/14 02:10:19.219,959.3611000000001,N/A,N/A
2024/05/14 02:10:19.434,N/A,1196.9447750000002,N/A
2024/05/14 02:10:19.935,N/A,N/A,14.571964884357634
2024/05/14 02:10:24.219,957.1572,N/A,N/A
2024/05/14 02:10:24.434,N/A,1199.983075,N/A
2024/05/14 02:10:24.935,N/A,N/A,15.994702638736259
2024/05/14 02:10:29.252,959.6157000000001,N/A,N/A
2024/05/14 02:10:29.495,N/A,1193.174175,N/A
2024/05/14 02:10:29.935,N/A,N/A,15.218743825957288
2024/05/14 02:10:34.219,958.5685,N/A,N/A
2024/05/14 02:10:34.434,N/A,1188.7026750000002,N/A
2024/05/14 02:10:34.935,N/A,N/A,14.426599506230687
2024/05/14 02:10:39.219,958.1144999999999,N/A,N/A
2024/05/14 02:10:39.434,N/A,1191.8530750000002,N/A
2024/05/14 02:10:39.935,N/A,N/A,16.949941429733343
2024/05/14 02:10:44.219,960.078,N/A,N/A
2024/05/14 02:10:44.434,N/A,1195.4054750000003,N/A
2024/05/14 02:10:44.935,N/A,N/A,14.376832401325768
2024/05/14 02:10:49.246,957.8689999999999,N/A,N/A
2024/05/14 02:10:49.462,N/A,1199.520475,N/A
2024/05/14 02:10:49.935,N/A,N/A,14.318475143465653
2024/05/14 02:10:54.219,959.5513,N/A,N/A
2024/05/14 02:10:54.434,N/A,1192.9974750000001,N/A
2024/05/14 02:10:54.935,N/A,N/A,15.467358714073164
2024/05/14 02:10:59.219,958.5573,N/A,N/A
2024/05/14 02:10:59.433,N/A,1188.321875,N/A
2024/05/14 02:10:59.935,N/A,N/A,14.40441805978197
2024/05/14 02:11:04.241,958.1502,N/A,N/A
2024/05/14 02:11:04.528,N/A,1192.0105750000002,N/A
2024/05/14 02:11:04.935,N/A,N/A,16.871248804120516
2024/05/14 02:11:09.219,960.1015,N/A,N/A
2024/05/14 02:11:09.434,N/A,1196.236775,N/A
2024/05/14 02:11:09.935,N/A,N/A,14.433313732596954
2024/05/14 02:11:14.219,957.9007,N/A,N/A
2024/05/14 02:11:14.434,N/A,1200.4193750000002,N/A
2024/05/14 02:11:14.935,N/A,N/A,13.964301777979845
2024/05/14 02:11:19.219,959.5799000000001,N/A,N/A
2024/05/14 02:11:19.434,N/A,1190.6793750000002,N/A
2024/05/14 02:11:19.935,N/A,N/A,15.05262862221608
2024/05/14 02:11:24.219,958.5735999999999,N/A,N/A
2024/05/14 02:11:24.434,N/A,1189.106675,N/A
2024/05/14 02:11:24.935,N/A,N/A,14.240922514681435
2024/05/14 02:11:29.248,958.2024,N/A,N/A
2024/05/14 02:11:29.464,N/A,1193.176175,N/A
2024/05/14 02:11:29.935,N/A,N/A,16.637469804792822
2024/05/14 02:11:34.219,960.0504,N/A,N/A
2024/05/14 02:11:34.434,N/A,1196.179175,N/A
2024/05/14 02:11:34.935,N/A,N/A,14.76217394199277
2024/05/14 02:11:39.219,957.8424,N/A,N/A
2024/05/14 02:11:39.434,N/A,1200.198175,N/A
2024/05/14 02:11:39.936,N/A,N/A,14.255964118148382
2024/05/14 02:11:44.282,959.2373,N/A,N/A
2024/05/14 02:11:44.524,N/A,1190.5813750000002,N/A
2024/05/14 02:11:44.935,N/A,N/A,15.616144600904793
2024/05/14 02:11:49.219,959.0686000000001,N/A,N/A
2024/05/14 02:11:49.434,N/A,1189.537975,N/A
2024/05/14 02:11:49.935,N/A,N/A,14.080156267775038
2024/05/14 02:11:54.219,957.7187,N/A,N/A
2024/05/14 02:11:54.434,N/A,1193.4448750000001,N/A
2024/05/14 02:11:54.935,N/A,N/A,16.902841135100907
2024/05/14 02:11:59.219,960.1760999999999,N/A,N/A
2024/05/14 02:11:59.434,N/A,1197.3396750000002,N/A
2024/05/14 02:11:59.935,N/A,N/A,15.761751536015252
2024/05/14 02:12:04.249,958.1104,N/A,N/A
2024/05/14 02:12:04.464,N/A,1198.8194750000002,N/A
2024/05/14 02:12:04.935,N/A,N/A,13.153797323542834
2024/05/14 02:12:09.219,958.6186,N/A,N/A
2024/05/14 02:12:09.434,N/A,1188.655175,N/A
2024/05/14 02:12:09.935,N/A,N/A,15.50944769575888
2024/05/14 02:12:14.219,959.3406,N/A,N/A
2024/05/14 02:12:14.434,N/A,1190.446975,N/A
2024/05/14 02:12:14.935,N/A,N/A,14.424659179793938
2024/05/14 02:12:19.219,957.8782,N/A,N/A
2024/05/14 02:12:19.434,N/A,1195.336775,N/A
2024/05/14 02:12:19.935,N/A,N/A,16.596078892144465
2024/05/14 02:12:24.248,960.3633,N/A,N/A
2024/05/14 02:12:24.463,N/A,1199.922475,N/A
2024/05/14 02:12:24.935,N/A,N/A,15.99013368948351
2024/05/14 02:12:29.219,958.3855,N/A,N/A
2024/05/14 02:12:29.434,N/A,1193.561075,N/A
2024/05/14 02:12:29.935,N/A,N/A,12.9054076864009
2024/05/14 02:12:34.219,959.0113,N/A,N/A
2024/05/14 02:12:34.434,N/A,1189.637975,N/A
2024/05/14 02:12:34.935,N/A,N/A,16.905409495370236
2024/05/14 02:12:39.310,958.8629999999999,N/A,N/A
2024/05/14 02:12:39.525,N/A,1194.823675,N/A
2024/05/14 02:12:39.935,N/A,N/A,14.528238292715836
2024/05/14 02:12:44.219,958.4724,N/A,N/A
2024/05/14 02:12:44.434,N/A,1198.618475,N/A
2024/05/14 02:12:44.935,N/A,N/A,17.193115861982914
2024/05/14 02:12:49.219,959.4429,N/A,N/A
2024/05/14 02:12:49.434,N/A,1195.018575,N/A
2024/05/14 02:12:49.935,N/A,N/A,12.951230933559213
2024/05/14 02:12:54.219,957.2626,N/A,N/A
2024/05/14 02:12:54.434,N/A,1187.8450750000002,N/A
2024/05/14 02:12:54.935,N/A,N/A,15.855363579472565
2024/05/14 02:12:59.282,959.8673,N/A,N/A
2024/05/14 02:12:59.497,N/A,1192.599475,N/A
2024/05/14 02:12:59.935,N/A,N/A,16.791480170094793
2024/05/14 02:13:04.219,958.7883999999999,N/A,N/A
2024/05/14 02:13:04.435,N/A,1196.2336750000002,N/A
2024/05/14 02:13:04.935,N/A,N/A,14.28756740514271
2024/05/14 02:13:09.219,958.4294,N/A,N/A
2024/05/14 02:13:09.434,N/A,1199.379075,N/A
2024/05/14 02:13:09.935,N/A,N/A,17.019574371557848
2024/05/14 02:13:14.219,959.4776999999999,N/A,N/A
2024/05/14 02:13:14.434,N/A,1192.6691750000002,N/A
2024/05/14 02:13:14.935,N/A,N/A,12.883527743508584
2024/05/14 02:13:19.249,957.2789,N/A,N/A
2024/05/14 02:13:19.465,N/A,1188.4551750000003,N/A
2024/05/14 02:13:19.935,N/A,N/A,15.96311198673047
2024/05/14 02:13:24.219,959.9132999999999,N/A,N/A
2024/05/14 02:13:24.434,N/A,1193.262075,N/A
2024/05/14 02:13:24.935,N/A,N/A,16.96820438380943
2024/05/14 02:13:29.219,958.8927,N/A,N/A
2024/05/14 02:13:29.434,N/A,1197.081175,N/A
2024/05/14 02:13:29.935,N/A,N/A,14.53411647950364
2024/05/14 02:13:34.308,957.5694,N/A,N/A
2024/05/14 02:13:34.523,N/A,1199.3739750000002,N/A
2024/05/14 02:13:34.935,N/A,N/A,15.219303241687044
2024/05/14 02:13:39.219,960.1731,N/A,N/A
2024/05/14 02:13:39.434,N/A,1189.5975750000002,N/A
2024/05/14 02:13:39.935,N/A,N/A,13.865240237784455
2024/05/14 02:13:44.219,958.0868,N/A,N/A
2024/05/14 02:13:44.434,N/A,1191.3722750000002,N/A
2024/05/14 02:13:44.935,N/A,N/A,14.255855099163757
2024/05/14 02:13:49.219,958.5634,N/A,N/A
2024/05/14 02:13:49.434,N/A,1194.528675,N/A
2024/05/14 02:13:49.935,N/A,N/A,16.93627584517328
2024/05/14 02:13:54.311,960.1629,N/A,N/A
2024/05/14 02:13:54.526,N/A,1196.903375,N/A
2024/05/14 02:13:54.935,N/A,N/A,14.530223390832086
2024/05/14 02:13:59.219,957.9304000000001,N/A,N/A
2024/05/14 02:13:59.434,N/A,1200.771975,N/A
2024/05/14 02:13:59.935,N/A,N/A,14.12034639644469
2024/05/14 02:14:04.219,959.4562,N/A,N/A
2024/05/14 02:14:04.434,N/A,1191.315675,N/A
2024/05/14 02:14:04.935,N/A,N/A,15.200651424379215
2024/05/14 02:14:09.219,959.3314,N/A,N/A
2024/05/14 02:14:09.434,N/A,1189.7177750000003,N/A
2024/05/14 02:14:09.935,N/A,N/A,14.632377679758314
2024/05/14 02:14:14.246,957.1664,N/A,N/A
2024/05/14 02:14:14.461,N/A,1193.2590750000002,N/A
2024/05/14 02:14:14.935,N/A,N/A,16.365795612048824
2024/05/14 02:14:19.219,959.6587,N/A,N/A
2024/05/14 02:14:19.434,N/A,1196.2124750000003,N/A
2024/05/14 02:14:19.935,N/A,N/A,16.875930472519038
2024/05/14 02:14:24.219,958.6217,N/A,N/A
2024/05/14 02:14:24.434,N/A,1200.479975,N/A
2024/05/14 02:14:24.935,N/A,N/A,14.185397924942203
2024/05/14 02:14:29.256,958.2494,N/A,N/A
2024/05/14 02:14:29.476,N/A,1190.776275,N/A
2024/05/14 02:14:29.935,N/A,N/A,15.483692853424909
2024/05/14 02:14:34.219,960.1332,N/A,N/A
2024/05/14 02:14:34.434,N/A,1189.6682750000002,N/A
2024/05/14 02:14:34.935,N/A,N/A,14.275670611035126
2024/05/14 02:14:39.219,957.9426,N/A,N/A
2024/05/14 02:14:39.434,N/A,1193.6428750000002,N/A
2024/05/14 02:14:39.935,N/A,N/A,14.53426468248637
2024/05/14 02:14:44.219,959.7026999999999,N/A,N/A
2024/05/14 02:14:44.434,N/A,1197.889175,N/A
2024/05/14 02:14:44.935,N/A,N/A,17.143086295318668
2024/05/14 02:14:49.219,958.6575,N/A,N/A
2024/05/14 02:14:49.434,N/A,1197.114475,N/A
2024/05/14 02:14:49.935,N/A,N/A,13.085564743211638
2024/05/14 02:14:54.248,958.3987999999999,N/A,N/A
2024/05/14 02:14:54.463,N/A,1186.900675,N/A
2024/05/14 02:14:54.935,N/A,N/A,16.202691587004544
2024/05/14 02:14:59.220,959.3652,N/A,N/A
2024/05/14 02:14:59.434,N/A,1190.817675,N/A
2024/05/14 02:14:59.935,N/A,N/A,14.372184441957
2024/05/14 02:15:04.219,957.1736000000001,N/A,N/A
2024/05/14 02:15:04.434,N/A,1194.981175,N/A
2024/05/14 02:15:04.935,N/A,N/A,16.10832704849938
2024/05/14 02:15:09.312,959.8140999999999,N/A,N/A
2024/05/14 02:15:09.527,N/A,1198.712375,N/A
2024/05/14 02:15:09.935,N/A,N/A,16.91987740638915
2024/05/14 02:15:14.219,958.7577,N/A,N/A
2024/05/14 02:15:14.434,N/A,1194.955975,N/A
2024/05/14 02:15:14.935,N/A,N/A,13.001348213789285
2024/05/14 02:15:19.219,958.3639999999999,N/A,N/A
2024/05/14 02:15:19.434,N/A,1187.950175,N/A
2024/05/14 02:15:19.935,N/A,N/A,16.77708854275623
2024/05/14 02:15:24.219,959.2996999999999,N/A,N/A
2024/05/14 02:15:24.434,N/A,1192.138875,N/A
2024/05/14 02:15:24.935,N/A,N/A,14.450924192675075
2024/05/14 02:15:28.935,N/A,N/A,173.94015404615857
2024/05/14 02:15:29.246,-0.040899999999999714,N/A,N/A
2024/05/14 02:15:29.461,N/A,-0.043725000000000014,N/A
2024/05/14 02:15:34.219,-0.02149999999999963,N/A,N/A
2024/05/14 02:15:34.434,N/A,-0.044725000000000015,N/A
2024/05/14 02:15:34.935,N/A,N/A,0.16589007951450876
2024/05/14 02:15:39.219,-0.01939999999999964,N/A,N/A
2024/05/14 02:15:39.434,N/A,-0.030525000000000024,N/A
2024/05/14 02:15:39.935,N/A,N/A,0.1573212462318432
2024/05/14 02:15:44.219,-0.024599999999999955,N/A,N/A
2024/05/14 02:15:44.434,N/A,-0.03962500000000002,N/A
2024/05/14 02:15:44.935,N/A,N/A,0.11140854067391832
2024/05/14 02:15:49.240,-0.026599999999999735,N/A,N/A
2024/05/14 02:15:49.457,N/A,-0.02752500000000002,N/A
2024/05/14 02:15:49.935,N/A,N/A,0.0818960358265943
2024/05/14 02:15:54.219,-0.02249999999999952,N/A,N/A
2024/05/14 02:15:54.434,N/A,-0.03862500000000002,N/A
2024/05/14 02:15:54.935,N/A,N/A,0.06936969315888886
2024/05/14 02:15:59.220,-0.0255999999999994,N/A,N/A
2024/05/14 02:15:59.435,N/A,-0.03962500000000002,N/A
2024/05/14 02:15:59.935,N/A,N/A,0.07584755623450853
2024/05/14 02:16:04.219,-0.023499999999999854,N/A,N/A
2024/05/14 02:16:04.434,N/A,-0.04162500000000002,N/A
2024/05/14 02:16:04.935,N/A,N/A,0.07707393301891637
2024/05/14 02:16:09.281,-0.023499999999999854,N/A,N/A
2024/05/14 02:16:09.497,N/A,-0.03562500000000002,N/A
2024/05/14 02:16:09.935,N/A,N/A,0.0881416260352339
2024/05/14 02:16:14.219,-0.01429999999999998,N/A,N/A
2024/05/14 02:16:14.434,N/A,-0.03662500000000002,N/A
2024/05/14 02:16:14.935,N/A,N/A,0.078153189027963
2024/05/14 02:16:19.219,-0.017399999999999416,N/A,N/A
2024/05/14 02:16:19.434,N/A,-0.030525000000000024,N/A
2024/05/14 02:16:19.935,N/A,N/A,0.08523241994111849
2024/05/14 02:16:24.219,-0.016399999999999526,N/A,N/A
2024/05/14 02:16:24.434,N/A,-0.03562500000000002,N/A
2024/05/14 02:16:24.935,N/A,N/A,0.05647001566090015
2024/05/14 02:16:29.280,-0.02249999999999952,N/A,N/A
2024/05/14 02:16:29.495,N/A,-0.029525000000000023,N/A
2024/05/14 02:16:29.935,N/A,N/A,0.06296239251453989
2024/05/14 02:16:34.219,-0.02049999999999974,N/A,N/A
2024/05/14 02:16:34.434,N/A,-0.044725000000000015,N/A
2024/05/14 02:16:34.935,N/A,N/A,0.059126221021
2024/05/14 02:16:39.219,-0.023499999999999854,N/A,N/A
2024/05/14 02:16:39.434,N/A,-0.03762500000000002,N/A
2024/05/14 02:16:39.935,N/A,N/A,0.04511465405953195
2024/05/14 02:16:44.219,-0.024599999999999955,N/A,N/A
2024/05/14 02:16:44.434,N/A,-0.03962500000000002,N/A
2024/05/14 02:16:44.935,N/A,N/A,0.05119948882349662
2024/05/14 02:16:49.247,-0.02149999999999963,N/A,N/A
2024/05/14 02:16:49.462,N/A,-0.04162500000000002,N/A
2024/05/14 02:16:49.935,N/A,N/A,0.04841612206421774
2024/05/14 02:16:54.219,-0.016399999999999526,N/A,N/A
2024/05/14 02:16:54.434,N/A,-0.03662500000000002,N/A
2024/05/14 02:16:54.935,N/A,N/A,0.031275956912733556
2024/05/14 02:16:59.219,-0.02149999999999963,N/A,N/A
2024/05/14 02:16:59.434,N/A,-0.04062500000000002,N/A
2024/05/14 02:16:59.935,N/A,N/A,0.027844516863040805
2024/05/14 02:17:04.269,-0.024599999999999955,N/A,N/A
2024/05/14 02:17:04.513,N/A,-0.03862500000000002,N/A
2024/05/14 02:17:04.935,N/A,N/A,0.04113448339166941
2024/05/14 02:17:09.219,-0.02249999999999952,N/A,N/A
2024/05/14 02:17:09.434,N/A,-0.03862500000000002,N/A
2024/05/14 02:17:09.935,N/A,N/A,0.039904968096822056
2024/05/14 02:17:14.219,-0.02049999999999974,N/A,N/A
2024/05/14 02:17:14.434,N/A,-0.044725000000000015,N/A
2024/05/14 02:17:14.935,N/A,N/A,0.04001490945734227
2024/05/14 02:17:19.219,-0.02049999999999974,N/A,N/A
2024/05/14 02:17:19.433,N/A,-0.04062500000000002,N/A
2024/05/14 02:17:19.935,N/A,N/A,0.04953795252762701
2024/05/14 02:17:24.303,-0.015399999999999636,N/A,N/A
2024/05/14 02:17:24.519,N/A,-0.031525000000000025,N/A
2024/05/14 02:17:24.935,N/A,N/A,0.02333591913747011
2024/05/14 02:17:29.219,-0.01839999999999975,N/A,N/A
2024/05/14 02:17:29.434,N/A,-0.029525000000000023,N/A
2024/05/14 02:17:29.935,N/A,N/A,0.007516320146028656
2024/05/14 02:17:34.219,-0.016399999999999526,N/A,N/A
2024/05/14 02:17:34.434,N/A,-0.03862500000000002,N/A
2024/05/14 02:17:34.935,N/A,N/A,0.014152518252181792
2024/05/14 02:17:39.219,-0.017399999999999416,N/A,N/A
2024/05/14 02:17:39.434,N/A,-0.031525000000000025,N/A
2024/05/14 02:17:39.935,N/A,N/A,0.018230158185050912
2024/05/14 02:17:44.248,-0.015399999999999636,N/A,N/A
2024/05/14 02:17:44.463,N/A,-0.03762500000000002,N/A
2024/05/14 02:17:44.935,N/A,N/A,0.02205316711959204
2024/05/14 02:17:49.219,-0.0255999999999994,N/A,N/A
2024/05/14 02:17:49.434,N/A,-0.03962500000000002,N/A
2024/05/14 02:17:49.935,N/A,N/A,0.0022517817528845798
2024/05/14 02:17:54.219,-0.016399999999999526,N/A,N/A
2024/05/14 02:17:54.434,N/A,-0.03762500000000002,N/A
2024/05/14 02:17:54.935,N/A,N/A,-0.0064939366135092986
2024/05/14 02:17:59.262,-0.02249999999999952,N/A,N/A
2024/05/14 02:17:59.526,N/A,-0.03462500000000013,N/A
2024/05/14 02:17:59.935,N/A,N/A,0.01374427473366523
2024/05/14 02:18:04.219,-0.02049999999999974,N/A,N/A
2024/05/14 02:18:04.434,N/A,-0.03862500000000002,N/A
2024/05/14 02:18:04.935,N/A,N/A,-0.014862478745934287
2024/05/14 02:18:09.219,-0.02249999999999952,N/A,N/A
2024/05/14 02:18:09.434,N/A,-0.03252500000000014,N/A
2024/05/14 02:18:09.935,N/A,N/A,0.008153679568065675
2024/05/14 02:18:14.219,-0.01839999999999975,N/A,N/A
2024/05/14 02:18:14.434,N/A,-0.03862500000000002,N/A
2024/05/14 02:18:14.935,N/A,N/A,0.014404381868678269
2024/05/14 02:18:19.219,-0.01939999999999964,N/A,N/A
2024/05/14 02:18:19.434,N/A,-0.03462500000000013,N/A
2024/05/14 02:18:19.935,N/A,N/A,0.025750479756078904
2024/05/14 02:18:24.248,-0.016399999999999526,N/A,N/A
2024/05/14 02:18:24.463,N/A,-0.04062500000000002,N/A
2024/05/14 02:18:24.935,N/A,N/A,0.02358256617603434
2024/05/14 02:18:29.219,-0.015399999999999636,N/A,N/A
2024/05/14 02:18:29.434,N/A,-0.03862500000000002,N/A
2024/05/14 02:18:29.935,N/A,N/A,0.02216871472999697
2024/05/14 02:18:34.219,-0.017399999999999416,N/A,N/A
2024/05/14 02:18:34.434,N/A,-0.03462500000000013,N/A
2024/05/14 02:18:34.935,N/A,N/A,0.003978400937456171
2024/05/14 02:18:39.305,-0.02049999999999974,N/A,N/A
2024/05/14 02:18:39.520,N/A,-0.033625000000000016,N/A
2024/05/14 02:18:39.935,N/A,N/A,0.015501214683456457
2024/05/14 02:18:44.219,-0.01839999999999975,N/A,N/A
2024/05/14 02:18:44.434,N/A,-0.04062500000000002,N/A
2024/05/14 02:18:44.935,N/A,N/A,0.017023155183023834
2024/05/14 02:18:49.219,-0.02149999999999963,N/A,N/A
2024/05/14 02:18:49.435,N/A,-0.031525000000000025,N/A
2024/05/14 02:18:49.935,N/A,N/A,-0.0054608833517580235
2024/05/14 02:18:54.219,-0.02149999999999963,N/A,N/A
2024/05/14 02:18:54.434,N/A,-0.03562500000000002,N/A
2024/05/14 02:18:54.935,N/A,N/A,-0.014023514735789503
2024/05/14 02:18:59.249,-0.02249999999999952,N/A,N/A
2024/05/14 02:18:59.465,N/A,-0.033625000000000016,N/A
2024/05/14 02:18:59.935,N/A,N/A,-0.01590866181265393
2024/05/14 02:19:04.219,-0.01429999999999998,N/A,N/A
2024/05/14 02:19:04.434,N/A,-0.043725000000000014,N/A
2024/05/14 02:19:04.935,N/A,N/A,-0.02039143830473688
2024/05/14 02:19:09.219,-0.02049999999999974,N/A,N/A
2024/05/14 02:19:09.434,N/A,-0.030525000000000024,N/A
2024/05/14 02:19:09.935,N/A,N/A,-0.019619242011437762
2024/05/14 02:19:14.310,-0.01939999999999964,N/A,N/A
2024/05/14 02:19:14.525,N/A,-0.033625000000000016,N/A
2024/05/14 02:19:14.935,N/A,N/A,0.011101472514974876
2024/05/14 02:19:19.219,-0.01939999999999964,N/A,N/A
2024/05/14 02:19:19.435,N/A,-0.03962500000000002,N/A
2024/05/14 02:19:19.935,N/A,N/A,0.006806749624480065
2024/05/14 02:19:24.219,-0.01939999999999964,N/A,N/A
2024/05/14 02:19:24.434,N/A,-0.043725000000000014,N/A
2024/05/14 02:19:24.935,N/A,N/A,-0.020151161736870083
2024/05/14 02:19:29.219,-0.0255999999999994,N/A,N/A
2024/05/14 02:19:29.435,N/A,-0.04162500000000002,N/A
2024/05/14 02:19:29.935,N/A,N/A,-0.019978118022670348
2024/05/14 02:19:34.248,-0.02149999999999963,N/A,N/A
2024/05/14 02:19:34.462,N/A,-0.042625000000000024,N/A
2024/05/14 02:19:34.935,N/A,N/A,-0.027232325649378296
2024/05/14 02:19:39.219,-0.01939999999999964,N/A,N/A
2024/05/14 02:19:39.434,N/A,-0.033625000000000016,N/A
2024/05/14 02:19:39.935,N/A,N/A,-0.013822070160428062
2024/05/14 02:19:44.219,-0.016399999999999526,N/A,N/A
2024/05/14 02:19:44.434,N/A,-0.04062500000000002,N/A
2024/05/14 02:19:44.935,N/A,N/A,-0.01047346438168598
2024/05/14 02:19:49.219,-0.02149999999999963,N/A,N/A
2024/05/14 02:19:49.434,N/A,-0.02752500000000002,N/A
2024/05/14 02:19:49.935,N/A,N/A,-0.02778069460851604
2024/05/14 02:19:54.312,-0.01429999999999998,N/A,N/A
2024/05/14 02:19:54.527,N/A,-0.04062500000000002,N/A
2024/05/14 02:19:54.935,N/A,N/A,-0.052150852188134464
2024/05/14 02:19:59.219,-0.02049999999999974,N/A,N/A
2024/05/14 02:19:59.434,N/A,-0.028525000000000023,N/A
2024/05/14 02:19:59.935,N/A,N/A,-0.027322075643105168
2024/05/14 02:20:04.220,-0.02149999999999963,N/A,N/A
2024/05/14 02:20:04.434,N/A,-0.03862500000000002,N/A
2024/05/14 02:20:04.935,N/A,N/A,-0.043971350605130036
2024/05/14 02:20:09.219,-0.027599999999999625,N/A,N/A
2024/05/14 02:20:09.434,N/A,-0.02652500000000002,N/A
2024/05/14 02:20:09.935,N/A,N/A,-0.038391578511862146
2024/05/14 02:20:14.250,-0.01429999999999998,N/A,N/A
2024/05/14 02:20:14.465,N/A,-0.030525000000000024,N/A
2024/05/14 02:20:14.935,N/A,N/A,-0.05010198916127198
2024/05/14 02:20:19.219,-0.023499999999999854,N/A,N/A
2024/05/14 02:20:19.434,N/A,-0.031525000000000025,N/A
2024/05/14 02:20:19.935,N/A,N/A,-0.0694888120316328
2024/05/14 02:20:24.219,-0.016399999999999526,N/A,N/A
2024/05/14 02:20:24.434,N/A,-0.03462500000000013,N/A
2024/05/14 02:20:24.935,N/A,N/A,-0.08139605620075571
2024/05/14 02:20:29.310,-0.026599999999999735,N/A,N/A
2024/05/14 02:20:29.525,N/A,-0.030525000000000024,N/A
2024/05/14 02:20:29.935,N/A,N/A,-0.08346339769844215
2024/05/14 02:20:34.219,-0.01839999999999975,N/A,N/A
2024/05/14 02:20:34.434,N/A,-0.029525000000000023,N/A
2024/05/14 02:20:34.935,N/A,N/A,-0.08725463338223687
2024/05/14 02:20:39.220,-0.0255999999999994,N/A,N/A
2024/05/14 02:20:39.434,N/A,-0.030525000000000024,N/A
2024/05/14 02:20:39.935,N/A,N/A,-0.0761852161912356
2024/05/14 02:20:44.220,-0.01839999999999975,N/A,N/A
2024/05/14 02:20:44.435,N/A,-0.03862500000000002,N/A
2024/05/14 02:20:44.935,N/A,N/A,-0.07992401596276974
2024/05/14 02:20:49.249,-0.02249999999999952,N/A,N/A
2024/05/14 02:20:49.464,N/A,-0.030525000000000024,N/A
2024/05/14 02:20:49.935,N/A,N/A,-0.08276782036697186
2024/05/14 02:20:54.220,-0.01939999999999964,N/A,N/A
2024/05/14 02:20:54.435,N/A,-0.030525000000000024,N/A
2024/05/14 02:20:54.935,N/A,N/A,-0.09337071531149371
2024/05/14 02:20:59.219,-0.02149999999999963,N/A,N/A
2024/05/14 02:20:59.434,N/A,-0.02652500000000002,N/A
2024/05/14 02:20:59.935,N/A,N/A,-0.07354762715669462
2024/05/14 02:21:04.238,-0.006199999999999761,N/A,N/A
2024/05/14 02:21:04.522,N/A,-0.04572500000000013,N/A
2024/05/14 02:21:04.935,N/A,N/A,-0.08910375483084874
2024/05/14 02:21:09.219,-0.015399999999999636,N/A,N/A
2024/05/14 02:21:09.434,N/A,-0.031525000000000025,N/A
2024/05/14 02:21:09.935,N/A,N/A,-0.08512311202628511
2024/05/14 02:21:14.220,-0.015399999999999636,N/A,N/A
2024/05/14 02:21:14.435,N/A,-0.03962500000000002,N/A
2024/05/14 02:21:14.935,N/A,N/A,-0.06369053689256143
2024/05/14 02:21:19.219,-0.01939999999999964,N/A,N/A
2024/05/14 02:21:19.434,N/A,-0.031525000000000025,N/A
2024/05/14 02:21:19.935,N/A,N/A,-0.0706630922013717
2024/05/14 02:21:24.312,-0.01939999999999964,N/A,N/A
2024/05/14 02:21:24.528,N/A,-0.03562500000000002,N/A
2024/05/14 02:21:24.935,N/A,N/A,-0.08096271404804133
2024/05/14 02:21:29.219,-0.02149999999999963,N/A,N/A
2024/05/14 02:21:29.434,N/A,-0.02452500000000002,N/A
2024/05/14 02:21:29.935,N/A,N/A,-0.0589204383761528
2024/05/14 02:21:34.220,-0.016399999999999526,N/A,N/A
2024/05/14 02:21:34.435,N/A,-0.03662500000000002,N/A
2024/05/14 02:21:34.935,N/A,N/A,-0.08329872787451237
2024/05/14 02:21:39.219,-0.02049999999999974,N/A,N/A
2024/05/14 02:21:39.434,N/A,-0.03462500000000013,N/A
2024/05/14 02:21:39.935,N/A,N/A,-0.08788493723732531
2024/05/14 02:21:44.249,-0.013299999999999645,N/A,N/A
2024/05/14 02:21:44.464,N/A,-0.043725000000000014,N/A
2024/05/14 02:21:44.935,N/A,N/A,-0.07193255991797695
2024/05/14 02:21:49.220,-0.01939999999999964,N/A,N/A
2024/05/14 02:21:49.434,N/A,-0.029525000000000023,N/A
2024/05/14 02:21:49.935,N/A,N/A,-0.07269117432546383
2024/05/14 02:21:54.220,-0.01429999999999998,N/A,N/A
2024/05/14 02:21:54.435,N/A,-0.04162500000000002,N/A
2024/05/14 02:21:54.935,N/A,N/A,-0.058596842646879095
2024/05/14 02:21:59.219,-0.016399999999999526,N/A,N/A
2024/05/14 02:21:59.434,N/A,-0.029525000000000023,N/A
2024/05/14 02:21:59.935,N/A,N/A,-0.06099690628071874
2024/05/14 02:22:04.246,-0.016399999999999526,N/A,N/A
2024/05/14 02:22:04.462,N/A,-0.03562500000000002,N/A
2024/05/14 02:22:04.935,N/A,N/A,-0.07245471966552199
2024/05/14 02:22:09.219,-0.02149999999999963,N/A,N/A
2024/05/14 02:22:09.434,N/A,-0.022425000000000028,N/A
2024/05/14 02:22:09.935,N/A,N/A,-0.06988688243323854
2024/05/14 02:22:14.219,-0.016399999999999526,N/A,N/A
2024/05/14 02:22:14.434,N/A,-0.03562500000000002,N/A
2024/05/14 02:22:14.935,N/A,N/A,-0.05607858562568816
2024/05/14 02:22:19.299,-0.01839999999999975,N/A,N/A
2024/05/14 02:22:19.515,N/A,-0.031525000000000025,N/A
2024/05/14 02:22:19.935,N/A,N/A,-0.06284088592721493
2024/05/14 02:22:24.219,-0.017399999999999416,N/A,N/A
2024/05/14 02:22:24.434,N/A,-0.03562500000000002,N/A
2024/05/14 02:22:24.935,N/A,N/A,-0.050098799342306176
2024/05/14 02:22:29.219,-0.02149999999999963,N/A,N/A
2024/05/14 02:22:29.434,N/A,-0.03462500000000013,N/A
2024/05/14 02:22:29.935,N/A,N/A,-0.06433194557004056
2024/05/14 02:22:34.219,-0.016399999999999526,N/A,N/A
2024/05/14 02:22:34.434,N/A,-0.02752500000000002,N/A
2024/05/14 02:22:34.935,N/A,N/A,-0.08046896111479236
2024/05/14 02:22:39.221,-0.016399999999999526,N/A,N/A
2024/05/14 02:22:39.456,N/A,-0.02452500000000002,N/A
2024/05/14 02:22:39.935,N/A,N/A,-0.04771828484783334
2024/05/14 02:22:44.219,-0.008199999999999541,N/A,N/A
2024/05/14 02:22:44.434,N/A,-0.04062500000000002,N/A
2024/05/14 02:22:44.935,N/A,N/A,-0.05595662324695512
2024/05/14 02:22:49.219,-0.02249999999999952,N/A,N/A
2024/05/14 02:22:49.434,N/A,-0.029525000000000023,N/A
2024/05/14 02:22:49.935,N/A,N/A,-0.057899057811387364
2024/05/14 02:22:54.219,-0.015399999999999636,N/A,N/A
2024/05/14 02:22:54.434,N/A,-0.031525000000000025,N/A
2024/05/14 02:22:54.935,N/A,N/A,-0.06642086435325267
2024/05/14 02:22:59.255,-0.024599999999999955,N/A,N/A
2024/05/14 02:22:59.520,N/A,-0.030525000000000024,N/A
2024/05/14 02:22:59.935,N/A,N/A,-0.06727422019785043
2024/05/14 02:23:04.219,-0.01939999999999964,N/A,N/A
2024/05/14 02:23:04.434,N/A,-0.03862500000000002,N/A
2024/05/14 02:23:04.935,N/A,N/A,-0.06367612860173155
2024/05/14 02:23:09.219,-0.027599999999999625,N/A,N/A
2024/05/14 02:23:09.434,N/A,-0.031525000000000025,N/A
2024/05/14 02:23:09.935,N/A,N/A,-0.05110397757361707
2024/05/14 02:23:14.219,-0.01839999999999975,N/A,N/A
2024/05/14 02:23:14.434,N/A,-0.028525000000000023,N/A
2024/05/14 02:23:14.935,N/A,N/A,-0.0386472629873923
2024/05/14 02:23:19.312,-0.02249999999999952,N/A,N/A
2024/05/14 02:23:19.527,N/A,-0.031525000000000025,N/A
2024/05/14 02:23:19.935,N/A,N/A,-0.04347941567230271
2024/05/14 02:23:24.219,-0.01429999999999998,N/A,N/A
2024/05/14 02:23:24.434,N/A,-0.03662500000000002,N/A
2024/05/14 02:23:24.935,N/A,N/A,-0.03157295118909683
2024/05/14 02:23:29.219,-0.02149999999999963,N/A,N/A
2024/05/14 02:23:29.434,N/A,-0.031525000000000025,N/A
2024/05/14 02:23:29.935,N/A,N/A,-0.06874948082851944
2024/05/14 02:23:34.219,-0.016399999999999526,N/A,N/A
2024/05/14 02:23:34.434,N/A,-0.042625000000000024,N/A
2024/05/14 02:23:34.935,N/A,N/A,-0.07247108826114548
2024/05/14 02:23:39.280,-0.023499999999999854,N/A,N/A
2024/05/14 02:23:39.495,N/A,-0.029525000000000023,N/A
2024/05/14 02:23:39.935,N/A,N/A,-0.07703892320559216
2024/05/14 02:23:44.219,-0.010199999999999765,N/A,N/A
2024/05/14 02:23:44.434,N/A,-0.03962500000000002,N/A
2024/05/14 02:23:44.935,N/A,N/A,-0.06022933427607962
2024/05/14 02:23:49.219,-0.012299999999999311,N/A,N/A
2024/05/14 02:23:49.434,N/A,-0.028525000000000023,N/A
2024/05/14 02:23:49.935,N/A,N/A,-0.07139947055995315
2024/05/14 02:23:54.219,-0.015399999999999636,N/A,N/A
2024/05/14 02:23:54.434,N/A,-0.03762500000000002,N/A
2024/05/14 02:23:54.935,N/A,N/A,-0.06893383783631334
2024/05/14 02:23:59.254,-0.013299999999999645,N/A,N/A
2024/05/14 02:23:59.496,N/A,-0.03462500000000013,N/A
2024/05/14 02:23:59.935,N/A,N/A,-0.0730157087664373
2024/05/14 02:24:04.219,-0.016399999999999526,N/A,N/A
2024/05/14 02:24:04.434,N/A,-0.02652500000000002,N/A
2024/05/14 02:24:04.935,N/A,N/A,-0.06727518058702193
2024/05/14 02:24:09.219,-0.017399999999999416,N/A,N/A
2024/05/14 02:24:09.434,N/A,-0.033625000000000016,N/A
2024/05/14 02:24:09.935,N/A,N/A,-0.07058060688472674
2024/05/14 02:24:14.219,-0.01839999999999975,N/A,N/A
2024/05/14 02:24:14.434,N/A,-0.031525000000000025,N/A
2024/05/14 02:24:14.935,N/A,N/A,-0.05513453784619516
2024/05/14 02:24:19.249,-0.01939999999999964,N/A,N/A
2024/05/14 02:24:19.464,N/A,-0.02552500000000002,N/A
2024/05/14 02:24:19.935,N/A,N/A,-0.07154438136086012
2024/05/14 02:24:24.219,-0.01939999999999964,N/A,N/A
2024/05/14 02:24:24.434,N/A,-0.02552500000000002,N/A
2024/05/14 02:24:24.935,N/A,N/A,-0.05502306331621459
2024/05/14 02:24:29.219,-0.02049999999999974,N/A,N/A
2024/05/14 02:24:29.434,N/A,-0.03252500000000014,N/A
2024/05/14 02:24:29.935,N/A,N/A,-0.05959074430929716
2024/05/14 02:24:34.312,-0.012299999999999311,N/A,N/A
2024/05/14 02:24:34.527,N/A,-0.030525000000000024,N/A
2024/05/14 02:24:34.935,N/A,N/A,-0.021608823191378333
2024/05/14 02:24:39.219,-0.01939999999999964,N/A,N/A
2024/05/14 02:24:39.434,N/A,-0.03462500000000013,N/A
2024/05/14 02:24:39.935,N/A,N/A,0.3393103970571023
2024/05/14 02:24:44.219,0.09920000000000062,N/A,N/A
2024/05/14 02:24:44.434,N/A,-0.02752500000000002,N/A
2024/05/14 02:24:44.935,N/A,N/A,-0.05835199798706809
2024/05/14 02:24:49.219,0.09100000000000019,N/A,N/A
2024/05/14 02:24:49.434,N/A,-0.022425000000000028,N/A
2024/05/14 02:24:49.935,N/A,N/A,-0.05816901342380878
2024/05/14 02:24:54.283,0.1738000000000004,N/A,N/A
2024/05/14 02:24:54.527,N/A,-0.028525000000000023,N/A
2024/05/14 02:24:54.935,N/A,N/A,0.22162571861377148
2024/05/14 02:24:59.219,0.5175000000000005,N/A,N/A
2024/05/14 02:24:59.435,N/A,-0.029525000000000023,N/A
2024/05/14 02:24:59.935,N/A,N/A,0.21076606697417313
2024/05/14 02:25:04.219,0.8733000000000004,N/A,N/A
2024/05/14 02:25:04.434,N/A,-0.028525000000000023,N/A
2024/05/14 02:25:04.935,N/A,N/A,0.20901723661300523
2024/05/14 02:25:09.219,1.2579000000000005,N/A,N/A
2024/05/14 02:25:09.434,N/A,-0.02752500000000002,N/A
2024/05/14 02:25:09.935,N/A,N/A,0.1838993196273379
2024/05/14 02:25:14.249,1.6414000000000004,N/A,N/A
2024/05/14 02:25:14.464,N/A,-0.03962500000000002,N/A
2024/05/14 02:25:14.935,N/A,N/A,0.16542273366097884
2024/05/14 02:25:19.219,2.0146000000000006,N/A,N/A
2024/05/14 02:25:19.434,N/A,-0.031525000000000025,N/A
2024/05/14 02:25:19.935,N/A,N/A,0.1925330370607746
2024/05/14 02:25:24.219,2.4002000000000003,N/A,N/A
2024/05/14 02:25:24.434,N/A,-0.030525000000000024,N/A
2024/05/14 02:25:24.935,N/A,N/A,0.19188195648186498
2024/05/14 02:25:29.252,2.7949,N/A,N/A
2024/05/14 02:25:29.519,N/A,-0.028525000000000023,N/A
2024/05/14 02:25:29.935,N/A,N/A,0.2096287371830394
2024/05/14 02:25:34.219,3.1907000000000005,N/A,N/A
2024/05/14 02:25:34.434,N/A,-0.029525000000000023,N/A
2024/05/14 02:25:34.935,N/A,N/A,0.16133257225476041
2024/05/14 02:25:39.219,3.5558000000000005,N/A,N/A
2024/05/14 02:25:39.434,N/A,-0.02652500000000002,N/A
2024/05/14 02:25:39.935,N/A,N/A,0.14096561563192925
2024/05/14 02:25:44.219,3.9618,N/A,N/A
2024/05/14 02:25:44.434,N/A,-0.022425000000000028,N/A
2024/05/14 02:25:44.935,N/A,N/A,0.11992147857131055
2024/05/14 02:25:49.231,4.4138,N/A,N/A
2024/05/14 02:25:49.451,N/A,-0.02752500000000002,N/A
2024/05/14 02:25:49.935,N/A,N/A,0.16768747408257637
2024/05/14 02:25:54.228,4.8116,N/A,N/A
2024/05/14 02:25:54.443,N/A,-0.03662500000000002,N/A
2024/05/14 02:25:54.935,N/A,N/A,0.12905829090564314
2024/05/14 02:25:59.219,5.236000000000001,N/A,N/A
2024/05/14 02:25:59.433,N/A,-0.03662500000000002,N/A
2024/05/14 02:25:59.935,N/A,N/A,-0.06761286980846289
2024/05/14 02:26:04.219,5.642,N/A,N/A
2024/05/14 02:26:04.434,N/A,-0.03462500000000013,N/A
2024/05/14 02:26:04.935,N/A,N/A,0.1455389902148285
2024/05/14 02:26:09.219,6.064400000000001,N/A,N/A
2024/05/14 02:26:09.434,N/A,-0.02652500000000002,N/A
2024/05/14 02:26:09.935,N/A,N/A,0.11802750600895287
2024/05/14 02:26:14.246,6.4673,N/A,N/A
2024/05/14 02:26:14.461,N/A,-0.03662500000000002,N/A
2024/05/14 02:26:14.935,N/A,N/A,0.1499395503032764
2024/05/14 02:26:19.219,6.8764,N/A,N/A
2024/05/14 02:26:19.434,N/A,-0.031525000000000025,N/A
2024/05/14 02:26:19.935,N/A,N/A,0.15917651262404647
2024/05/14 02:26:24.219,7.3161000000000005,N/A,N/A
2024/05/14 02:26:24.434,N/A,-0.043725000000000014,N/A
2024/05/14 02:26:24.935,N/A,N/A,0.173839762403626
2024/05/14 02:26:29.261,7.734400000000001,N/A,N/A
2024/05/14 02:26:29.526,N/A,-0.02752500000000002,N/A
2024/05/14 02:26:29.935,N/A,N/A,0.1601727483056316
2024/05/14 02:26:34.219,8.1476,N/A,N/A
2024/05/14 02:26:34.434,N/A,-0.04062500000000002,N/A
2024/05/14 02:26:34.935,N/A,N/A,0.16128967511800124
2024/05/14 02:26:39.220,8.5873,N/A,N/A
2024/05/14 02:26:39.434,N/A,-0.03862500000000002,N/A
2024/05/14 02:26:39.935,N/A,N/A,0.1344292842098484
2024/05/14 02:26:44.219,9.0066,N/A,N/A
2024/05/14 02:26:44.434,N/A,-0.044725000000000015,N/A
2024/05/14 02:26:44.935,N/A,N/A,0.21393391264038059
2024/05/14 02:26:49.312,9.4198,N/A,N/A
2024/05/14 02:26:49.528,N/A,-0.030525000000000024,N/A
2024/05/14 02:26:49.935,N/A,N/A,0.16697720852725867
2024/05/14 02:26:54.220,9.8442,N/A,N/A
2024/05/14 02:26:54.434,N/A,-0.033625000000000016,N/A
2024/05/14 02:26:54.935,N/A,N/A,0.21523940903236907
2024/05/14 02:26:59.219,10.2645,N/A,N/A
2024/05/14 02:26:59.434,N/A,-0.02752500000000002,N/A
2024/05/14 02:26:59.935,N/A,N/A,0.19510030212121574
2024/05/14 02:27:04.219,10.6787,N/A,N/A
2024/05/14 02:27:04.434,N/A,-0.02752500000000002,N/A
2024/05/14 02:27:04.935,N/A,N/A,0.22761141032793622
2024/05/14 02:27:09.306,11.119399999999999,N/A,N/A
2024/05/14 02:27:09.521,N/A,-0.02452500000000002,N/A
2024/05/14 02:27:09.935,N/A,N/A,0.17703879222339242
2024/05/14 02:27:14.219,11.574499999999999,N/A,N/A
2024/05/14 02:27:14.434,N/A,-0.03252500000000014,N/A
2024/05/14 02:27:14.935,N/A,N/A,0.20257477430982082
2024/05/14 02:27:19.219,11.9938,N/A,N/A
2024/05/14 02:27:19.433,N/A,-0.028525000000000023,N/A
2024/05/14 02:27:19.935,N/A,N/A,-0.013879654284083102
2024/05/14 02:27:24.219,13.3693,N/A,N/A
2024/05/14 02:27:24.434,N/A,-0.029525000000000023,N/A
2024/05/14 02:27:24.935,N/A,N/A,1.2090956529308527
2024/05/14 02:27:29.249,15.565999999999999,N/A,N/A
2024/05/14 02:27:29.464,N/A,-0.018425000000000025,N/A
2024/05/14 02:27:29.935,N/A,N/A,1.4640565302687694
2024/05/14 02:27:34.219,17.7238,N/A,N/A
2024/05/14 02:27:34.434,N/A,-0.03562500000000002,N/A
2024/05/14 02:27:34.935,N/A,N/A,1.2091012467379736
2024/05/14 02:27:39.219,19.8816,N/A,N/A
2024/05/14 02:27:39.434,N/A,-0.031525000000000025,N/A
2024/05/14 02:27:39.935,N/A,N/A,1.201513429411734
2024/05/14 02:27:44.310,21.973,N/A,N/A
2024/05/14 02:27:44.527,N/A,-0.033625000000000016,N/A
2024/05/14 02:27:44.935,N/A,N/A,1.0492061450038115
2024/05/14 02:27:49.219,24.004,N/A,N/A
2024/05/14 02:27:49.434,N/A,-0.033625000000000016,N/A
2024/05/14 02:27:49.935,N/A,N/A,1.1850226361890406
2024/05/14 02:27:54.219,25.9399,N/A,N/A
2024/05/14 02:27:54.434,N/A,-0.029525000000000023,N/A
2024/05/14 02:27:54.935,N/A,N/A,1.2620260989947352
2024/05/14 02:27:59.219,27.9924,N/A,N/A
2024/05/14 02:27:59.434,N/A,0.139175,N/A
2024/05/14 02:27:59.935,N/A,N/A,1.3638183584370756
2024/05/14 02:28:04.219,30.0469,N/A,N/A
2024/05/14 02:28:04.434,N/A,0.139175,N/A
2024/05/14 02:28:04.935,N/A,N/A,1.2348420778394462
2024/05/14 02:28:09.248,32.1291,N/A,N/A
2024/05/14 02:28:09.464,N/A,0.142175,N/A
2024/05/14 02:28:09.935,N/A,N/A,1.3602909492936701
2024/05/14 02:28:14.219,34.2582,N/A,N/A
2024/05/14 02:28:14.434,N/A,0.26437499999999997,N/A
2024/05/14 02:28:14.935,N/A,N/A,1.5367593202537704
2024/05/14 02:28:19.219,36.3905,N/A,N/A
2024/05/14 02:28:19.434,N/A,1.5400749999999999,N/A
2024/05/14 02:28:19.935,N/A,N/A,1.1479902774644217
2024/05/14 02:28:24.219,38.5616,N/A,N/A
2024/05/14 02:28:24.434,N/A,2.7289749999999997,N/A
2024/05/14 02:28:24.935,N/A,N/A,1.4618709036652902
2024/05/14 02:28:29.244,40.724500000000006,N/A,N/A
2024/05/14 02:28:29.459,N/A,3.898575,N/A
2024/05/14 02:28:29.935,N/A,N/A,1.3284410023470392
2024/05/14 02:28:34.219,42.8241,N/A,N/A
2024/05/14 02:28:34.434,N/A,5.119774999999999,N/A
2024/05/14 02:28:34.935,N/A,N/A,1.2377962738125572
2024/05/14 02:28:39.219,45.02080000000001,N/A,N/A
2024/05/14 02:28:39.434,N/A,6.258175,N/A
2024/05/14 02:28:39.935,N/A,N/A,1.3803614104790762
2024/05/14 02:28:44.311,47.1581,N/A,N/A
2024/05/14 02:28:44.528,N/A,7.461074999999999,N/A
2024/05/14 02:28:44.935,N/A,N/A,1.2795527401462559
2024/05/14 02:28:49.219,49.2331,N/A,N/A
2024/05/14 02:28:49.434,N/A,7.840875,N/A
2024/05/14 02:28:49.935,N/A,N/A,1.3325053011433092
2024/05/14 02:28:54.219,51.347,N/A,N/A
2024/05/14 02:28:54.434,N/A,7.819675,N/A
2024/05/14 02:28:54.935,N/A,N/A,1.2598331911219416
2024/05/14 02:28:59.219,53.503800000000005,N/A,N/A
2024/05/14 02:28:59.434,N/A,7.785375,N/A
2024/05/14 02:28:59.935,N/A,N/A,1.3515553298469067
2024/05/14 02:29:04.284,55.6831,N/A,N/A
2024/05/14 02:29:04.529,N/A,7.745975,N/A
2024/05/14 02:29:04.935,N/A,N/A,1.3102874443990977
2024/05/14 02:29:09.219,57.8583,N/A,N/A
2024/05/14 02:29:09.434,N/A,7.839874999999999,N/A
2024/05/14 02:29:09.935,N/A,N/A,1.1860266054719566
2024/05/14 02:29:14.219,60.0591,N/A,N/A
2024/05/14 02:29:14.434,N/A,8.859075,N/A
2024/05/14 02:29:14.935,N/A,N/A,1.7721996657347068
2024/05/14 02:29:19.219,62.196400000000004,N/A,N/A
2024/05/14 02:29:19.434,N/A,12.277175000000002,N/A
2024/05/14 02:29:19.935,N/A,N/A,1.8581025738007102
2024/05/14 02:29:24.248,64.30930000000001,N/A,N/A
2024/05/14 02:29:24.463,N/A,14.866975000000002,N/A
2024/05/14 02:29:24.935,N/A,N/A,2.142966770059559
2024/05/14 02:29:29.219,66.2564,N/A,N/A
2024/05/14 02:29:29.434,N/A,17.865875,N/A
2024/05/14 02:29:29.935,N/A,N/A,0.8362122542309204
2024/05/14 02:29:34.219,69.27019999999999,N/A,N/A
2024/05/14 02:29:34.434,N/A,20.843474999999998,N/A
2024/05/14 02:29:34.935,N/A,N/A,3.7497657092954104
2024/05/14 02:29:39.246,74.6351,N/A,N/A
2024/05/14 02:29:39.513,N/A,24.833275,N/A
2024/05/14 02:29:39.935,N/A,N/A,3.7444354487846203
2024/05/14 02:29:44.219,80.14009999999999,N/A,N/A
2024/05/14 02:29:44.434,N/A,29.223074999999998,N/A
2024/05/14 02:29:44.935,N/A,N/A,3.2179264176964097
2024/05/14 02:29:49.219,85.6492,N/A,N/A
2024/05/14 02:29:49.434,N/A,33.818875,N/A
2024/05/14 02:29:49.935,N/A,N/A,3.5419336654632794
2024/05/14 02:29:54.220,91.13680000000001,N/A,N/A
2024/05/14 02:29:54.434,N/A,38.434875000000005,N/A
2024/05/14 02:29:54.935,N/A,N/A,3.462258537040909
2024/05/14 02:29:59.226,96.6265,N/A,N/A
2024/05/14 02:29:59.526,N/A,43.035675,N/A
2024/05/14 02:29:59.935,N/A,N/A,3.183082579407961
2024/05/14 02:30:00.000,96.6265,43.035675,3.183082579407961
